carrera_nomb_carrera,carrera_nomb_sede,escolar_nem
OBSTETRICIA,SEDE SANTIAGO,5.45
DERECHO,SEDE OSORNO,5.3
TRABAJO SOCIAL,SEDE CONCEPCION,5.23
ENFERMERIA,SEDE CONCEPCION,6.15
NUTRICION Y DIETETICA,SEDE CONCEPCION,5.1
PEDAGOGIA DE EDUCACION MEDIA EN MATEMATICA Y COMPUTACION,SEDE TALCAHUANO,5.25
DIPLOMADO DE CALIDAD ASISTENCIAL Y SEGURIDAD DEL PACIENTE,SEDE SANTIAGO,5.73
DERECHO,SEDE CONCEPCION,5.55
MEDICINA,SEDE CONCEPCION,6.43
PEDAGOGIA DE EDUCACION MEDIA EN INGLES,SEDE CONCEPCION,5.18
TECNOLOGIA MEDICA,SEDE CONCEPCION,5.8
INGENIERIA EN EXPEDICIONES Y ECOTURISMO,SEDE SANTIAGO,5.75
QUIMICA Y FARMACIA,SEDE SANTIAGO,5.65
INGENIERIA EN EXPEDICIONES Y ECOTURISMO,SEDE SANTIAGO,5.25
LICENCIATURA EN TRABAJO SOCIAL,SEDE SANTIAGO,5.55
ARQUITECTURA,SEDE SANTIAGO,5.28
PEDAGOGIA EN EDUCACION DIFERENCIAL,SEDE VALDIVIA,5.93
PEDAGOGIA DE EDUCACION BASICA EN INGLES,SEDE CONCEPCION,5.73
MAGISTER EN GESTION ESTRATEGICA EN SALUD,SEDE VALDIVIA,6.13
FONOAUDIOLOGIA,SEDE CONCEPCION,6.15
PSICOLOGIA,SEDE SANTIAGO,5.35
DIPLOMADO DE EMERGENCIA Y PACIENTE CRITICO,SEDE CONCEPCION,6.8
INGENIERIA CIVIL,SEDE CONCEPCION,5.45
MAGISTER EN ACTIVIDAD FISICA Y DEPORTE,SEDE CONCEPCION,5.18
TECNOLOGIA MEDICA,SEDE SANTIAGO,6.28
ODONTOLOGIA,SEDE CONCEPCION,6.0
PEDAGOGIA DE EDUCACION MEDIA EN INGLES,SEDE VALDIVIA,5.73
INGENIERIA CIVIL INFORMATICA,SEDE CONCEPCION,4.93
PEDAGOGIA DE EDUCACION BASICA EN LENGUAJE Y COMUNICACION,SEDE SANTIAGO,5.33
ENFERMERIA,SEDE SANTIAGO,5.23
ENFERMERIA,SEDE VALDIVIA,5.05
ARQUITECTURA,SEDE CONCEPCION,5.9
NUTRICION Y DIETETICA,SEDE CONCEPCION,5.2
INGENIERIA CIVIL INFORMATICA,SEDE SANTIAGO,5.38
INGENIERIA COMERCIAL,SEDE CONCEPCION,5.0
MEDICINA,SEDE SANTIAGO,6.1
DERECHO,SEDE PUERTO MONTT,6.2
NUTRICION Y DIETETICA,SEDE CONCEPCION,5.53
KINESIOLOGIA,SEDE VALDIVIA,5.7
ODONTOLOGIA,SEDE SANTIAGO,5.05
FONOAUDIOLOGIA,SEDE CONCEPCION,5.83
MAGISTER EN NEUROKINESIOLOGIA,SEDE CONCEPCION,6.78
TECNOLOGIA MEDICA,SEDE SANTIAGO,5.0
INGENIERIA CIVIL INDUSTRIAL,SEDE CONCEPCION,5.18
INGENIERIA EN PREVENCION DE RIESGO Y MEDIOAMBIENTE,SEDE CONCEPCION,5.43
POSTITULO EN DISCAPACIDAD INTELECTUAL E INTEGRACION ESCOLAR,SEDE CONCEPCION,5.18
DERECHO,SEDE OSORNO,5.23
ENFERMERIA,SEDE SANTIAGO,5.68
NUTRICION Y DIETETICA,SEDE VALDIVIA,5.98
PEDAGOGIA EN EDUCACION BASICA,SEDE VALDIVIA,5.48
PEDAGOGIA DE EDUCACION MEDIA EN EDUCACION FISICA,SEDE SANTIAGO,4.55
BACHILLERATO EN CIENCIAS DE LA SALUD,SEDE CONCEPCION,6.03
PSICOLOGIA,SEDE VALDIVIA,5.65
PEDAGOGIA EN HISTORIA Y CIENCIAS SOCIALES,SEDE PUERTO MONTT,5.15
PEDAGOGIA EN EDUCACION DIFERENCIAL,SEDE CONCEPCION,5.25
ENFERMERIA,SEDE PUERTO MONTT,5.63
FONOAUDIOLOGIA,SEDE SANTIAGO,4.88
DIPLOMADO EN ENDODONCIA EN MOLARES,SEDE CONCEPCION,5.45
TRABAJO SOCIAL,SEDE CONCEPCION,5.73
ENFERMERIA,SEDE CONCEPCION,6.0
MEDICINA,SEDE SANTIAGO,5.98
KINESIOLOGIA,SEDE OSORNO,5.78
INGENIERIA CIVIL,SEDE SANTIAGO,5.3
PEDAGOGIA EN EDUCACION FISICA,SEDE SANTIAGO,5.5
INGENIERIA CIVIL INDUSTRIAL,SEDE SANTIAGO,5.3
INGENIERIA COMERCIAL,SEDE SANTIAGO,5.05
OBSTETRICIA,SEDE SANTIAGO,5.7
MAGISTER EN GESTION ESTRATEGICA Y EVALUACION DE PROYECTOS,SEDE CONCEPCION,5.03
QUIMICA Y FARMACIA,SEDE SANTIAGO,5.68
DIPLOMADO EN INTERVENCIONES CLINICAS EN ABUSO SEXUAL EN LA INFANCIA Y LA ADOLESCENCIA,SEDE CONCEPCION,5.93
BIOQUIMICA,SEDE SANTIAGO,5.0
FONOAUDIOLOGIA,SEDE CONCEPCION,5.45
INGENIERIA CIVIL PLAN COMUN,SEDE OSORNO,6.15
KINESIOLOGIA,SEDE SANTIAGO,6.13
DERECHO,SEDE CONCEPCION,4.9
ENFERMERIA,SEDE VALDIVIA,5.9
TERAPIA OCUPACIONAL,SEDE CONCEPCION,5.83
KINESIOLOGIA,SEDE SANTIAGO,5.53
OBSTETRICIA,SEDE PUERTO MONTT,4.87
NUTRICION Y DIETETICA,SEDE CONCEPCION,5.65
ENFERMERIA,SEDE CONCEPCION,5.9
PEDAGOGIA EN EDUCACION BASICA,SEDE CONCEPCION,5.5
PEDAGOGIA DE EDUCACION MEDIA EN EDUCACION FISICA,SEDE SANTIAGO,5.13
PEDAGOGIA DE EDUCACION MEDIA EN MATEMATICA Y COMPUTACION,SEDE CONCEPCION,6.4
PSICOLOGIA,SEDE CONCEPCION,6.25
NUTRICION Y DIETETICA,SEDE CONCEPCION,5.5
PEDAGOGIA EN EDUCACION BASICA,SEDE PUERTO MONTT,5.78
DIPLOMADO EN NEUROREHABILITACION FONOAUDIOLOGICA EN ADULTOS,SEDE SANTIAGO,6.48
ENFERMERIA,SEDE SANTIAGO,6.53
ENFERMERIA,SEDE SANTIAGO,5.88
ENFERMERIA,SEDE CONCEPCION,5.58
DERECHO,SEDE SANTIAGO,5.95
DIPLOMADO DE GESTION EN INOCUIDAD ALIMENTARIA,SEDE SANTIAGO,5.1
QUIMICA Y FARMACIA,SEDE CONCEPCION,6.43
INGENIERIA EN INFORMATICA,SEDE CONCEPCION,5.15
MEDICINA,SEDE SANTIAGO,6.08
INGENIERIA COMERCIAL,SEDE CONCEPCION,4.88
ODONTOLOGIA,SEDE CONCEPCION,6.25
PEDAGOGIA DE EDUCACION MEDIA EN EDUCACION FISICA,SEDE CONCEPCION,5.08
ODONTOLOGIA,SEDE CONCEPCION,6.43
KINESIOLOGIA,SEDE VALDIVIA,5.9
PEDAGOGIA DE EDUCACION MEDIA EN INGLES,SEDE SANTIAGO,5.15
PEDAGOGIA DE EDUCACION MEDIA EN HISTORIA Y GEOGRAFIA,SEDE SANTIAGO,5.5
ENFERMERIA,SEDE PUERTO MONTT,5.38
DERECHO,SEDE SANTIAGO,5.4
MAGISTER EN GESTION ESTRATEGICA Y EVALUACION DE PROYECTOS,SEDE SANTIAGO,5.4
PSICOLOGIA,SEDE SANTIAGO,5.28
ENFERMERIA,SEDE PUERTO MONTT,5.8
PEDAGOGIA DE EDUCACION MEDIA EN HISTORIA Y CIENCIAS SOCIALES,SEDE CONCEPCION,5.4
QUIMICA Y FARMACIA,SEDE SANTIAGO,6.23
DERECHO,SEDE SANTIAGO,5.28
DIPLOMADO EN GESTION FARMACEUTICA EN ATENCION PRIMARIA DE SALUD,SEDE CONCEPCION,6.53
INGENIERIA CIVIL INFORMATICA,SEDE SANTIAGO,5.45
DISEÑO,SEDE SANTIAGO,5.05
KINESIOLOGIA,SEDE VALDIVIA,5.7
PEDAGOGIA EN EDUCACION DIFERENCIAL,SEDE SANTIAGO,5.67
PEDAGOGIA DE EDUCACION MEDIA EN EDUCACION FISICA,SEDE CONCEPCION,5.65
BACHILLERATO EN CIENCIAS DE LA SALUD,SEDE SANTIAGO,5.53
INGENIERIA COMERCIAL,SEDE SANTIAGO,5.35
PSICOLOGIA,SEDE SANTIAGO,5.85
INGENIERIA CIVIL INFORMATICA,SEDE SANTIAGO,5.2
FONOAUDIOLOGIA,SEDE SANTIAGO,5.1
FONOAUDIOLOGIA,SEDE PATAGONIA (PUERTO MONTT),5.23
MEDICINA VETERINARIA,SEDE PUERTO MONTT,5.75
DERECHO,SEDE VALDIVIA,5.05
PSICOLOGIA,SEDE VALDIVIA,5.7
ODONTOLOGIA,SEDE SANTIAGO,6.28
FONOAUDIOLOGIA,SEDE SANTIAGO,5.55
PEDAGOGIA DE EDUCACION MEDIA EN HISTORIA Y GEOGRAFIA,SEDE CONCEPCION,6.28
PEDAGOGIA EN EDUCACION DIFERENCIAL,SEDE CONCEPCION,5.1
MAGISTER EN ALTA DIRECCION Y GESTION DE INSTITUCIONES EDUCACIONALES,SEDE PUERTO MONTT,5.3
TECNOLOGIA MEDICA,SEDE SANTIAGO,5.3
BACHILLERATO EN CIENCIAS DE LA SALUD,SEDE SANTIAGO,6.23
MAGISTER EN GESTION ESTRATEGICA Y EVALUACION DE PROYECTOS,SEDE SANTIAGO,6.18
NUTRICION Y DIETETICA,SEDE SANTIAGO,5.6
INGENIERIA CIVIL INDUSTRIAL,SEDE PATAGONIA (PUERTO MONTT),5.15
BACHILLERATO EN CIENCIAS DE LA SALUD,SEDE PATAGONIA (PUERTO MONTT),5.95
ODONTOLOGIA,SEDE SANTIAGO,6.03
ENFERMERIA,SEDE PUERTO MONTT,5.15
PSICOLOGIA,SEDE CONCEPCION,5.35
ODONTOLOGIA,SEDE CONCEPCION,5.8
MEDICINA,SEDE PUERTO MONTT,5.88
BACHILLERATO EN CIENCIAS DE LA SALUD,SEDE SANTIAGO,6.28
PSICOLOGIA,SEDE CONCEPCION,5.83
DISEÑO,SEDE SANTIAGO,5.8
ODONTOLOGIA,SEDE PUERTO MONTT,6.13
TRABAJO SOCIAL,SEDE CONCEPCION,5.2
PEDAGOGIA DE EDUCACION MEDIA EN INGLES,SEDE VALDIVIA,5.43
DERECHO,SEDE SANTIAGO,5.2
OBSTETRICIA,SEDE SANTIAGO,5.1
ENFERMERIA,SEDE PUERTO MONTT,5.88
KINESIOLOGIA,SEDE PUERTO MONTT,5.83
INGENIERIA COMERCIAL,SEDE SANTIAGO,5.38
FONOAUDIOLOGIA,SEDE PUERTO MONTT,5.78
OBSTETRICIA,SEDE PATAGONIA (PUERTO MONTT),5.45
FONOAUDIOLOGIA,SEDE SANTIAGO,5.7
INGENIERIA CIVIL INDUSTRIAL,SEDE CONCEPCION,6.38
INGENIERIA CIVIL INDUSTRIAL,SEDE CONCEPCION,6.1
ODONTOLOGIA,SEDE CONCEPCION,6.48
MAGISTER EN ALTA DIRECCION PUBLICA Y GESTION DE INSTITUCIONES EDUCACIONALES,SEDE CONCEPCION,6.13
PEDAGOGIA DE EDUCACION MEDIA EN EDUCACION FISICA,SEDE CONCEPCION,6.0
MAGISTER EN EJERCICIO FISICO Y SALUD,SEDE VALDIVIA,5.43
CONTADOR AUDITOR,SEDE SANTIAGO,4.75
TECNOLOGIA MEDICA,SEDE PUERTO MONTT,5.63
KINESIOLOGIA,SEDE SANTIAGO,5.28
POSTITULO DE ESPECIALIZACION ODONTOLOGICA EN ORTODONCIA Y ORTOPEDIA DENTO MAXILO FACIAL,SEDE CONCEPCION,6.4
PEDAGOGIA DE EDUCACION MEDIA EN INGLES,SEDE VALDIVIA,5.53
PEDAGOGIA DE EDUCACION MEDIA EN HISTORIA Y GEOGRAFIA,SEDE CONCEPCION,5.65
KINESIOLOGIA,SEDE CONCEPCION,5.23
QUIMICA Y FARMACIA,SEDE SANTIAGO,5.78
FONOAUDIOLOGIA,SEDE CONCEPCION,5.48
ODONTOLOGIA,SEDE SANTIAGO,5.45
TECNOLOGIA MEDICA,SEDE CONCEPCION,5.5
DERECHO,SEDE SANTIAGO,5.98
PEDAGOGIA DE EDUCACION MEDIA EN EDUCACION FISICA,SEDE SANTIAGO,5.47
INGENIERIA CIVIL,SEDE SANTIAGO,5.23
PSICOLOGIA,SEDE CONCEPCION,5.2
ARQUITECTURA,SEDE CONCEPCION,5.1
DERECHO,SEDE SANTIAGO,5.65
PSICOLOGIA,SEDE CONCEPCION,5.23
ODONTOLOGIA,SEDE CONCEPCION,6.03
INGENIERIA COMERCIAL,SEDE SANTIAGO,6.23
PEDAGOGIA DE EDUCACION MEDIA EN INGLES,SEDE SANTIAGO,5.45
PSICOLOGIA,SEDE VALDIVIA,5.45
DIPLOMADO EN NEUROREHABILITACION FONOAUDIOLOGICA EN ADULTOS,SEDE SANTIAGO,5.78
ODONTOLOGIA,SEDE SANTIAGO,6.3
PEDAGOGIA DE EDUCACION MEDIA EN INGLES,SEDE CONCEPCION,5.65
DERECHO,SEDE CONCEPCION,5.13
NUTRICION Y DIETETICA,SEDE VALDIVIA,5.73
MEDICINA,SEDE PATAGONIA (PUERTO MONTT),6.3
PEDAGOGIA EN EDUCACION DIFERENCIAL,SEDE OSORNO,5.25
PEDAGOGIA DE EDUCACION MEDIA EN EDUCACION FISICA,SEDE SANTIAGO,5.53
INGENIERIA COMERCIAL,SEDE SANTIAGO,5.0
INGENIERIA CIVIL PLAN COMUN,SEDE SANTIAGO,5.6
PEDAGOGIA DE EDUCACION MEDIA EN HISTORIA Y GEOGRAFIA,SEDE PUERTO MONTT,5.73
FONOAUDIOLOGIA,SEDE SANTIAGO,5.55
QUIMICA Y FARMACIA,SEDE CONCEPCION,5.53
INGENIERIA EN ADMINISTRACION DE EMPRESAS,SEDE SANTIAGO,5.9
BACHILLERATO EN CIENCIAS DE LA SALUD,SEDE CONCEPCION,5.35
"MAGISTER INTERDISCIPLINARIO EN TRASTORNOS DE LA COMUNICACION, AUDICION Y LENGUAJE",SEDE CONCEPCION,5.63
ODONTOLOGIA,SEDE SANTIAGO,5.85
TERAPIA OCUPACIONAL,SEDE SANTIAGO,5.75
QUIMICA Y FARMACIA,SEDE PATAGONIA (PUERTO MONTT),5.98
PEDAGOGIA DE EDUCACION MEDIA EN HISTORIA Y GEOGRAFIA,SEDE CONCEPCION,4.83
ENFERMERIA,SEDE VALDIVIA,5.9
NUTRICION Y DIETETICA,SEDE SANTIAGO,5.75
KINESIOLOGIA,SEDE CONCEPCION,5.53
DERECHO,SEDE SANTIAGO,5.18
TECNOLOGIA MEDICA,SEDE SANTIAGO,5.8
BACHILLERATO EN CIENCIAS DE LA SALUD,SEDE PUERTO MONTT,5.95
DERECHO,SEDE SANTIAGO,4.85
INGENIERIA EN EXPEDICIONES Y ECOTURISMO,SEDE SANTIAGO,5.78
TRABAJO SOCIAL,SEDE CONCEPCION,5.35
DERECHO,SEDE CONCEPCION,5.68
DERECHO,SEDE CONCEPCION,5.63
EDUCACION PARVULARIA,SEDE CONCEPCION,5.5
NUTRICION Y DIETETICA,SEDE SANTIAGO,6.0
MEDICINA,SEDE PUERTO MONTT,6.28
PSICOLOGIA,SEDE PATAGONIA (PUERTO MONTT),4.95
PEDAGOGIA DE EDUCACION MEDIA EN HISTORIA Y GEOGRAFIA,SEDE CONCEPCION,5.3
DIPLOMADO FONOAUDIOLOGIA EN EL CONTEXTO ESCOLAR: UNA PERSPECTIVA EDUCATIVA E INCLUSIVA,SEDE SANTIAGO,4.95
TECNOLOGIA MEDICA,SEDE CONCEPCION,6.1
PEDAGOGIA DE EDUCACION MEDIA EN EDUCACION FISICA,SEDE CONCEPCION,5.73
INGENIERIA COMERCIAL,SEDE CONCEPCION,5.75
INGENIERIA CIVIL INDUSTRIAL,SEDE PATAGONIA (PUERTO MONTT),5.45
PEDAGOGIA EN HISTORIA Y CIENCIAS SOCIALES,SEDE CONCEPCION,5.55
DERECHO,SEDE PUERTO MONTT,5.35
KINESIOLOGIA,SEDE SANTIAGO,5.48
TECNOLOGIA MEDICA,SEDE CONCEPCION,5.08
BACHILLERATO EN CIENCIAS DE LA SALUD,SEDE SANTIAGO,5.93
PEDAGOGIA EN EDUCACION FISICA,SEDE PUERTO MONTT,5.65
OBSTETRICIA,SEDE CONCEPCION,6.3
MEDICINA,SEDE PATAGONIA (PUERTO MONTT),6.63
ODONTOLOGIA,SEDE CONCEPCION,6.48
MEDICINA,SEDE SANTIAGO,6.13
PEDAGOGIA EN EDUCACION BASICA,SEDE SANTIAGO,5.0
ODONTOLOGIA,SEDE CONCEPCION,5.55
INGENIERIA CIVIL,SEDE SANTIAGO,5.67
PEDAGOGIA DE EDUCACION MEDIA EN INGLES,SEDE CONCEPCION,5.73
INGENIERIA CIVIL INDUSTRIAL,SEDE CONCEPCION,5.5
PEDAGOGIA DE EDUCACION MEDIA EN INGLES,SEDE PATAGONIA (PUERTO MONTT),5.55
EDUCACION PARVULARIA,SEDE SANTIAGO,4.98
DERECHO,SEDE CONCEPCION,5.58
ODONTOLOGIA,SEDE SANTIAGO,6.38
FONOAUDIOLOGIA,SEDE SANTIAGO,6.6
FONOAUDIOLOGIA,SEDE VALDIVIA,5.18
INGENIERIA COMERCIAL,SEDE SANTIAGO,5.48
MAGISTER EN ALTA DIRECCION Y GESTION DE INSTITUCIONES EDUCACIONALES,SEDE PATAGONIA (PUERTO MONTT),6.28
MEDICINA,SEDE CONCEPCION,6.5
INGENIERIA EN EXPEDICIONES Y ECOTURISMO,SEDE SANTIAGO,5.25
MEDICINA VETERINARIA,SEDE CONCEPCION,5.5
BACHILLERATO EN CIENCIAS DE LA SALUD,SEDE SANTIAGO,5.6
INGENIERIA COMERCIAL,SEDE CONCEPCION,6.0
FONOAUDIOLOGIA,SEDE CONCEPCION,5.58
NUTRICION Y DIETETICA,SEDE PATAGONIA (PUERTO MONTT),5.95
ENFERMERIA,SEDE OSORNO,5.43
ODONTOLOGIA,SEDE SANTIAGO,5.78
OBSTETRICIA,SEDE SANTIAGO,5.38
ENFERMERIA,SEDE OSORNO,5.75
ODONTOLOGIA,SEDE CONCEPCION,6.25
INGENIERIA CIVIL EN BIOTECNOLOGIA,SEDE CONCEPCION,5.23
PEDAGOGIA EN EDUCACION DIFERENCIAL,SEDE VALDIVIA,4.95
DIPLOMADO EN DEGLUCION PEDIATRICA: UNA PERSPECTIVA DESDE LA FONOAUDIOLOGIA,SEDE SANTIAGO,6.08
INGENIERIA CIVIL INFORMATICA,SEDE SANTIAGO,5.55
MEDICINA,SEDE CONCEPCION,5.88
ODONTOLOGIA,SEDE OSORNO,6.1
KINESIOLOGIA,SEDE SANTIAGO,4.9
DIPLOMADO ENDODONCIA CLINICA: INSTRUMENTACION MECANIZADA,SEDE SANTIAGO,5.83
ODONTOLOGIA,SEDE CONCEPCION,6.15
KINESIOLOGIA,SEDE CONCEPCION,5.35
NUTRICION Y DIETETICA,SEDE CONCEPCION,6.23
PEDAGOGIA DE EDUCACION BASICA EN INGLES,SEDE PUERTO MONTT,4.93
TECNOLOGIA MEDICA,SEDE CONCEPCION,6.03
OBSTETRICIA,SEDE SANTIAGO,4.75
MEDICINA VETERINARIA,SEDE CONCEPCION,5.45
ODONTOLOGIA,SEDE CONCEPCION,5.08
MAGISTER EN EDUCACION UNIVERSITARIA PARA CIENCIAS DE LA SALUD,SEDE SANTIAGO,6.23
PSICOLOGIA,SEDE PATAGONIA (PUERTO MONTT),5.15
ODONTOLOGIA,SEDE CONCEPCION,6.65
PEDAGOGIA EN EDUCACION MEDIA EN INGLES,SEDE OSORNO,5.18
NUTRICION Y DIETETICA,SEDE CONCEPCION,5.5
DERECHO,SEDE CONCEPCION,5.7
EDUCACION PARVULARIA,SEDE SANTIAGO,6.28
MEDICINA,SEDE CONCEPCION,6.65
NUTRICION Y DIETETICA,SEDE VALDIVIA,5.1
TRABAJO SOCIAL,SEDE CONCEPCION,5.4
PEDAGOGIA DE EDUCACION MEDIA EN INGLES,SEDE PATAGONIA (PUERTO MONTT),5.7
FONOAUDIOLOGIA,SEDE CONCEPCION,6.1
FONOAUDIOLOGIA,SEDE CONCEPCION,5.73
ODONTOLOGIA,SEDE CONCEPCION,6.2
QUIMICA Y FARMACIA,SEDE SANTIAGO,5.3
KINESIOLOGIA,SEDE VALDIVIA,5.83
EDUCACION PARVULARIA,SEDE SANTIAGO,5.33
TECNOLOGIA MEDICA,SEDE CONCEPCION,6.75
QUIMICA Y FARMACIA,SEDE SANTIAGO,5.35
MEDICINA,SEDE SANTIAGO,6.15
TECNOLOGIA MEDICA,SEDE PUERTO MONTT,5.63
ODONTOLOGIA,SEDE SANTIAGO,5.65
INGENIERIA COMERCIAL,SEDE VALDIVIA,5.53
ENFERMERIA,SEDE VALDIVIA,5.15
PSICOLOGIA,SEDE CONCEPCION,5.45
KINESIOLOGIA,SEDE SANTIAGO,5.88
ODONTOLOGIA,SEDE SANTIAGO,6.0
OBSTETRICIA,SEDE CONCEPCION,5.78
LICENCIATURA EN TRABAJO SOCIAL,SEDE CONCEPCION,5.55
ENFERMERIA,SEDE CONCEPCION,5.38
ENFERMERIA,SEDE SANTIAGO,5.38
MEDICINA VETERINARIA,SEDE PUERTO MONTT,6.45
PSICOLOGIA,SEDE SANTIAGO,5.6
DERECHO,SEDE SANTIAGO,5.63
PEDAGOGIA DE EDUCACION MEDIA EN EDUCACION FISICA,SEDE PUERTO MONTT,5.23
MAGISTER EN ACTIVIDAD FISICA Y DEPORTE,SEDE CONCEPCION,6.18
ENFERMERIA,SEDE CONCEPCION,5.95
TECNOLOGIA MEDICA,SEDE PUERTO MONTT,6.1
INGENIERIA COMERCIAL,SEDE CONCEPCION,5.5
KINESIOLOGIA,SEDE CONCEPCION,5.78
PEDAGOGIA DE EDUCACION MEDIA EN EDUCACION FISICA,SEDE CONCEPCION,5.85
ARQUITECTURA,SEDE PATAGONIA (PUERTO MONTT),5.58
OBSTETRICIA,SEDE CONCEPCION,5.83
PSICOLOGIA,SEDE PATAGONIA (PUERTO MONTT),5.1
BACHILLERATO EN CIENCIAS DE LA SALUD,SEDE SANTIAGO,5.28
DIPLOMADO EN GESTION DEL CUIDADO EN UNIDADES DE PACIENTE CRITICO,SEDE SANTIAGO,6.28
INGENIERIA COMERCIAL,SEDE SANTIAGO,5.45
KINESIOLOGIA,SEDE SANTIAGO,5.15
KINESIOLOGIA,SEDE CONCEPCION,6.2
INGENIERIA COMERCIAL,SEDE SANTIAGO,5.1
TECNOLOGIA MEDICA,SEDE SANTIAGO,5.2
ODONTOLOGIA,SEDE VALDIVIA,5.45
KINESIOLOGIA,SEDE VALDIVIA,5.85
QUIMICA Y FARMACIA,SEDE SANTIAGO,5.53
PEDAGOGIA EN EDUCACION BASICA,SEDE SANTIAGO,5.13
INGENIERIA CIVIL INDUSTRIAL,SEDE PATAGONIA (PUERTO MONTT),5.9
DIPLOMADO EN IMPLANTOLOGIA ORAL QUIRURGICA Y PROTESICA,SEDE PATAGONIA (PUERTO MONTT),6.38
"PEDAGOGIA DE EDUCACION MEDIA EN LENGUAJE, COMUNICACION Y FILOSOFIA",SEDE CONCEPCION,5.33
ENFERMERIA,SEDE SANTIAGO,5.2
ARQUITECTURA,SEDE SANTIAGO,5.73
TERAPIA OCUPACIONAL,SEDE CONCEPCION,5.75
BACHILLERATO EN CIENCIAS DE LA SALUD,SEDE PATAGONIA (PUERTO MONTT),6.45
PSICOLOGIA,SEDE VALDIVIA,5.25
OBSTETRICIA,SEDE SANTIAGO,5.63
PSICOLOGIA,SEDE PUERTO MONTT,5.28
KINESIOLOGIA,SEDE PUERTO MONTT,5.48
PEDAGOGIA EN EDUCACION FISICA,SEDE SANTIAGO,5.83
FONOAUDIOLOGIA,SEDE SANTIAGO,5.08
PEDAGOGIA DE EDUCACION MEDIA EN EDUCACION FISICA,SEDE PUERTO MONTT,5.35
NUTRICION Y DIETETICA,SEDE SANTIAGO,5.73
INGENIERIA COMERCIAL,SEDE SANTIAGO,6.2
PEDAGOGIA EN EDUCACION DIFERENCIAL,SEDE SANTIAGO,5.43
QUIMICA Y FARMACIA,SEDE CONCEPCION,5.9
PEDAGOGIA EN EDUCACION MEDIA EN EDUCACION FISICA,SEDE SANTIAGO,6.05
KINESIOLOGIA,SEDE CONCEPCION,6.0
ODONTOLOGIA,SEDE CONCEPCION,6.1
PEDAGOGIA DE EDUCACION MEDIA EN INGLES,SEDE VALDIVIA,5.15
INGENIERIA CIVIL INDUSTRIAL,SEDE SANTIAGO,6.43
NUTRICION Y DIETETICA,SEDE VALDIVIA,5.25
TECNOLOGIA MEDICA,SEDE SANTIAGO,4.85
INGENIERIA COMERCIAL,SEDE PATAGONIA (PUERTO MONTT),4.95
TECNOLOGIA MEDICA,SEDE CONCEPCION,5.63
"POSTITULO DE ESPECIALIZACION ODONTOLOGICA EN REHABILITACION ORAL: PROTESICA, ESTETICA E IMPLANTOLOGICA",SEDE SANTIAGO,5.65
MAGISTER EN GESTION ESTRATEGICA DE SALUD,SEDE CONCEPCION,6.0
MAGISTER EN GESTION ESTRATEGICA DE SALUD,SEDE SANTIAGO,5.75
PEDAGOGIA EN EDUCACION BASICA,SEDE SANTIAGO,6.13
TECNOLOGIA MEDICA,SEDE CONCEPCION,5.85
INGENIERIA CIVIL INDUSTRIAL,SEDE SANTIAGO,5.83
KINESIOLOGIA,SEDE CONCEPCION,6.18
POSTITULO EN DISCAPACIDAD INTELECTUAL E INTEGRACION ESCOLAR,SEDE CONCEPCION,5.58
DERECHO,SEDE CONCEPCION,5.53
ENFERMERIA,SEDE OSORNO,5.78
PEDAGOGIA DE EDUCACION MEDIA EN INGLES,SEDE CONCEPCION,5.38
PEDAGOGIA DE EDUCACION MEDIA EN INGLES,SEDE VALDIVIA,5.73
MEDICINA,SEDE CONCEPCION,6.3
TECNOLOGIA MEDICA,SEDE SANTIAGO,5.95
DERECHO,SEDE CONCEPCION,5.48
PSICOLOGIA,SEDE CONCEPCION,5.55
INGENIERIA CIVIL INDUSTRIAL,SEDE SANTIAGO,5.65
ENFERMERIA,SEDE VALDIVIA,6.38
TECNOLOGIA MEDICA,SEDE CONCEPCION,6.3
DERECHO,SEDE SANTIAGO,5.28
PEDAGOGIA EN EDUCACION BASICA,SEDE OSORNO,4.95
MEDICINA,SEDE PATAGONIA (PUERTO MONTT),6.33
MAGISTER EN EJERCICIO FISICO Y SALUD,SEDE VALDIVIA,5.18
KINESIOLOGIA,SEDE SANTIAGO,5.55
ODONTOLOGIA,SEDE SANTIAGO,5.3
POSTITULO EN HABILITACION PARA LA ENSEÑANZA DEL INGLES EN EL NIVEL DE EDUCACION BASICA,SEDE PATAGONIA (PUERTO MONTT),6.0
ENFERMERIA,SEDE PUERTO MONTT,5.78
NUTRICION Y DIETETICA,SEDE CONCEPCION,5.0
NUTRICION Y DIETETICA,SEDE CONCEPCION,5.08
ARQUITECTURA,SEDE CONCEPCION,5.35
MEDICINA,SEDE CONCEPCION,6.2
MAGISTER EN GESTION ESTRATEGICA Y EVALUACION DE PROYECTOS,SEDE SANTIAGO,5.15
INGENIERIA CIVIL INDUSTRIAL,SEDE SANTIAGO,5.33
PEDAGOGIA EN EDUCACION DIFERENCIAL,SEDE CONCEPCION,5.53
ENFERMERIA,SEDE SANTIAGO,5.73
ODONTOLOGIA,SEDE CONCEPCION,5.68
TECNOLOGIA MEDICA,SEDE SANTIAGO,5.4
MEDICINA VETERINARIA,SEDE CONCEPCION,5.58
PEDAGOGIA EN EDUCACION DIFERENCIAL,SEDE VALDIVIA,6.0
FONOAUDIOLOGIA,SEDE SANTIAGO,5.25
MEDICINA,SEDE CONCEPCION,6.3
INGENIERIA EN EXPEDICIONES Y ECOTURISMO,SEDE SANTIAGO,5.38
KINESIOLOGIA,SEDE CONCEPCION,5.35
OBSTETRICIA,SEDE CONCEPCION,6.03
TECNOLOGIA MEDICA,SEDE CONCEPCION,5.53
NUTRICION Y DIETETICA,SEDE CONCEPCION,5.35
PEDAGOGIA DE EDUCACION MEDIA EN INGLES,SEDE CONCEPCION,5.95
PSICOLOGIA,SEDE PUERTO MONTT,6.3
EDUCACION PARVULARIA,SEDE SANTIAGO,5.4
PEDAGOGIA DE EDUCACION MEDIA EN INGLES,SEDE CONCEPCION,5.7
ODONTOLOGIA,SEDE VALDIVIA,5.85
PEDAGOGIA DE EDUCACION MEDIA EN INGLES,SEDE SANTIAGO,5.88
PEDAGOGIA DE EDUCACION MEDIA EN INGLES,SEDE SANTIAGO,5.05
PSICOLOGIA,SEDE CONCEPCION,5.18
PSICOLOGIA,SEDE CONCEPCION,5.23
INGENIERIA EN ADMINISTRACION DE EMPRESAS,SEDE CONCEPCION,5.53
FONOAUDIOLOGIA,SEDE CONCEPCION,5.85
KINESIOLOGIA,SEDE VALDIVIA,5.95
FONOAUDIOLOGIA,SEDE VALDIVIA,5.08
PEDAGOGIA EN EDUCACION DIFERENCIAL,SEDE CONCEPCION,5.45
INGENIERIA EN ADMINISTRACION DE EMPRESAS,SEDE SANTIAGO,5.38
TERAPIA OCUPACIONAL,SEDE SANTIAGO,5.3
TRABAJO SOCIAL,SEDE CONCEPCION,5.33
TECNICO EN ENFERMERIA,SEDE CONCEPCION,5.9
PSICOLOGIA,SEDE SANTIAGO,5.4
MAGISTER EN GESTION ESTRATEGICA Y EVALUACION DE PROYECTOS,SEDE CONCEPCION,5.3
KINESIOLOGIA,SEDE SANTIAGO,4.93
INGENIERIA COMERCIAL,SEDE SANTIAGO,5.6
PEDAGOGIA EN EDUCACION BASICA,SEDE VALDIVIA,5.55
ODONTOLOGIA,SEDE CONCEPCION,6.2
ODONTOLOGIA,SEDE SANTIAGO,5.1
TECNOLOGIA MEDICA,SEDE CONCEPCION,5.75
ODONTOLOGIA,SEDE CONCEPCION,6.08
POSTITULO EN COACHING ONTOLOGICO,SEDE SANTIAGO,6.43
INGENIERIA COMERCIAL,SEDE CONCEPCION,5.25
DIPLOMADO EN GESTION DEL CUIDADO EN UNIDADES DE PACIENTE CRITICO,SEDE CONCEPCION,5.85
PEDAGOGIA DE EDUCACION MEDIA EN EDUCACION FISICA,SEDE CONCEPCION,6.08
TERAPIA OCUPACIONAL,SEDE CONCEPCION,5.58
INGENIERIA CIVIL INDUSTRIAL,SEDE VALDIVIA,5.35
POSTITULO EN MOTRICIDAD INFANTIL,SEDE CONCEPCION,6.43
MAGISTER EN KINESIOLOGIA GERONTOLOGICA Y GERIATRICA,SEDE SANTIAGO,5.65
PEDAGOGIA DE EDUCACION MEDIA EN MATEMATICA,SEDE VALDIVIA,6.25
INGENIERIA CIVIL INFORMATICA,SEDE CONCEPCION,5.7
MEDICINA,SEDE CONCEPCION,6.23
PEDAGOGIA DE EDUCACION MEDIA EN INGLES,SEDE CONCEPCION,5.45
NUTRICION Y DIETETICA,SEDE PATAGONIA (PUERTO MONTT),6.45
ENFERMERIA,SEDE CONCEPCION,5.78
EDUCACION PARVULARIA,SEDE CONCEPCION,5.25
MEDICINA,SEDE CONCEPCION,6.48
KINESIOLOGIA,SEDE VALDIVIA,6.15
INGENIERIA COMERCIAL,SEDE VALDIVIA,5.6
KINESIOLOGIA,SEDE SANTIAGO,5.58
PEDAGOGIA EN EDUCACION BASICA,SEDE CONCEPCION,5.6
NUTRICION Y DIETETICA,SEDE CONCEPCION,5.15
INGENIERIA COMERCIAL,SEDE VALDIVIA,5.35
ENFERMERIA,SEDE VALDIVIA,5.9
TRABAJO SOCIAL,SEDE SANTIAGO,5.58
NUTRICION Y DIETETICA,SEDE CONCEPCION,4.98
PSICOLOGIA,SEDE VALDIVIA,5.7
MAGISTER EN LITERATURA INFANTIL Y JUVENIL,SEDE VALDIVIA,5.4
FONOAUDIOLOGIA,SEDE CONCEPCION,5.48
DERECHO,SEDE CONCEPCION,5.53
PEDAGOGIA DE EDUCACION MEDIA EN INGLES,SEDE CONCEPCION,5.6
PEDAGOGIA DE EDUCACION MEDIA EN HISTORIA Y GEOGRAFIA,SEDE SANTIAGO,5.38
INGENIERIA EN ADMINISTRACION DE EMPRESAS,SEDE VALDIVIA,5.53
PSICOLOGIA,SEDE PATAGONIA (PUERTO MONTT),6.15
DERECHO,SEDE CONCEPCION,5.48
INGENIERIA EN ADMINISTRACION DE EMPRESAS,SEDE SANTIAGO,5.15
ODONTOLOGIA,SEDE SANTIAGO,5.83
FONOAUDIOLOGIA,SEDE VALDIVIA,5.53
ODONTOLOGIA,SEDE CONCEPCION,6.08
ARQUITECTURA,SEDE PUERTO MONTT,5.4
KINESIOLOGIA,SEDE CONCEPCION,6.63
PSICOLOGIA,SEDE PATAGONIA (PUERTO MONTT),4.95
QUIMICA Y FARMACIA,SEDE CONCEPCION,5.63
MEDICINA,SEDE PUERTO MONTT,6.5
NUTRICION Y DIETETICA,SEDE CONCEPCION,5.03
NUTRICION Y DIETETICA,SEDE VALDIVIA,5.2
BACHILLERATO EN CIENCIAS DE LA SALUD,SEDE SANTIAGO,5.4
TECNOLOGIA MEDICA,SEDE PUERTO MONTT,6.05
INGENIERIA COMERCIAL,SEDE CONCEPCION,4.98
BACHILLERATO EN CIENCIAS DE LA SALUD,SEDE PATAGONIA (PUERTO MONTT),5.83
NUTRICION Y DIETETICA,SEDE SANTIAGO,5.88
ODONTOLOGIA,SEDE VALDIVIA,5.17
DIPLOMADO EN NEUROREHABILITACION FONOAUDIOLOGICA EN ADULTOS,SEDE SANTIAGO,5.58
PEDAGOGIA DE EDUCACION MEDIA EN EDUCACION FISICA,SEDE SANTIAGO,5.4
TECNOLOGIA MEDICA,SEDE SANTIAGO,5.95
PEDAGOGIA DE EDUCACION MEDIA EN EDUCACION FISICA,SEDE CONCEPCION,4.65
PEDAGOGIA DE EDUCACION MEDIA EN HISTORIA Y GEOGRAFIA,SEDE SANTIAGO,5.75
MAGISTER EN EJERCICIO FISICO Y SALUD,SEDE VALDIVIA,5.55
CIENCIAS POLITICAS Y GESTION PUBLICA,SEDE CONCEPCION,6.05
PSICOLOGIA,SEDE VALDIVIA,6.08
INGENIERIA COMERCIAL,SEDE CONCEPCION,5.38
INGENIERIA COMERCIAL,SEDE CONCEPCION,5.25
OBSTETRICIA,SEDE SANTIAGO,5.47
INGENIERIA CIVIL INFORMATICA,SEDE SANTIAGO,5.23
ENFERMERIA,SEDE SANTIAGO,4.93
DERECHO,SEDE VALDIVIA,5.18
QUIMICA Y FARMACIA,SEDE CONCEPCION,5.55
DERECHO,SEDE PATAGONIA (PUERTO MONTT),5.95
KINESIOLOGIA,SEDE CONCEPCION,5.9
INGENIERIA COMERCIAL,SEDE CONCEPCION,5.1
PEDAGOGIA DE EDUCACION MEDIA EN HISTORIA Y GEOGRAFIA,SEDE SANTIAGO,5.3
FONOAUDIOLOGIA,SEDE VALDIVIA,5.4
PEDAGOGIA EN EDUCACION BASICA,SEDE PUERTO MONTT,5.3
ENFERMERIA,SEDE CONCEPCION,5.28
INGENIERIA EN COMERCIO INTERNACIONAL,SEDE SANTIAGO,5.45
INGENIERIA CIVIL EN BIOTECNOLOGIA,SEDE CONCEPCION,5.93
PSICOLOGIA,SEDE CONCEPCION,5.15
PEDAGOGIA EN EDUCACION DIFERENCIAL,SEDE SANTIAGO,5.15
INGENIERIA COMERCIAL,SEDE CONCEPCION,5.5
BACHILLERATO EN CIENCIAS DE LA SALUD,SEDE CONCEPCION,5.98
QUIMICA Y FARMACIA,SEDE SANTIAGO,5.75
PEDAGOGIA DE EDUCACION MEDIA EN HISTORIA Y GEOGRAFIA,SEDE PUERTO MONTT,5.9
MEDICINA VETERINARIA,SEDE CONCEPCION,5.9
ENFERMERIA,SEDE VALDIVIA,6.18
INGENIERIA COMERCIAL,SEDE CONCEPCION,5.55
INGENIERIA COMERCIAL,SEDE CONCEPCION,5.48
PSICOLOGIA,SEDE CONCEPCION,5.35
INGENIERIA COMERCIAL,SEDE SANTIAGO,5.98
FONOAUDIOLOGIA,SEDE SANTIAGO,5.45
TECNOLOGIA MEDICA,SEDE SANTIAGO,5.78
ENFERMERIA,SEDE SANTIAGO,4.8
PSICOLOGIA,SEDE CONCEPCION,6.33
INGENIERIA COMERCIAL,SEDE SANTIAGO,5.8
ODONTOLOGIA,SEDE PATAGONIA (PUERTO MONTT),4.85
MEDICINA,SEDE CONCEPCION,6.4
PEDAGOGIA EN EDUCACION DIFERENCIAL,SEDE VALDIVIA,5.08
FONOAUDIOLOGIA,SEDE SANTIAGO,5.53
PEDAGOGIA DE EDUCACION MEDIA EN INGLES,SEDE PUERTO MONTT,5.4
BIOQUIMICA,SEDE SANTIAGO,6.08
INGENIERIA EN EXPEDICIONES Y ECOTURISMO,SEDE SANTIAGO,6.38
PEDAGOGIA DE EDUCACION MEDIA EN INGLES,SEDE VALDIVIA,5.43
LICENCIATURA EN TRABAJO SOCIAL,SEDE SANTIAGO,4.6
ARQUITECTURA,SEDE CONCEPCION,5.35
INGENIERIA CIVIL,SEDE CONCEPCION,5.23
INGENIERIA CIVIL INFORMATICA,SEDE CONCEPCION,5.15
OBSTETRICIA,SEDE CONCEPCION,5.9
BACHILLERATO EN CIENCIAS DE LA SALUD,SEDE SANTIAGO,5.6
ARQUITECTURA,SEDE CONCEPCION,5.28
MAGISTER EN GESTION ESTRATEGICA EN SALUD,SEDE SANTIAGO,5.58
FONOAUDIOLOGIA,SEDE VALDIVIA,5.65
ODONTOLOGIA,SEDE SANTIAGO,5.95
INGENIERIA EN ENERGIA Y SUSTENTABILIDAD AMBIENTAL,SEDE SANTIAGO,6.88
ENFERMERIA,SEDE CONCEPCION,5.8
ODONTOLOGIA,SEDE SANTIAGO,5.63
DERECHO,SEDE SANTIAGO,5.2
INGENIERIA CIVIL PLAN COMUN,SEDE OSORNO,5.9
ENFERMERIA,SEDE CONCEPCION,5.35
DERECHO,SEDE PATAGONIA (PUERTO MONTT),5.53
KINESIOLOGIA,SEDE VALDIVIA,5.6
BACHILLERATO EN CIENCIAS DE LA SALUD,SEDE CONCEPCION,6.03
MAGISTER EN PSICOTERAPIA COGNITIVA POSTRACIONAL,SEDE SANTIAGO,6.2
ENFERMERIA,SEDE CONCEPCION,5.45
TERAPIA OCUPACIONAL,SEDE SANTIAGO,5.25
MEDICINA VETERINARIA,SEDE CONCEPCION,5.15
ODONTOLOGIA,SEDE SANTIAGO,5.8
PEDAGOGIA EN EDUCACION FISICA,SEDE CONCEPCION,5.08
DIPLOMADO INTERVENCIONES CLINICAS EN ABUSO SEXUAL,SEDE OSORNO,5.53
INGENIERIA CIVIL PLAN COMUN,SEDE OSORNO,5.48
BACHILLERATO EN CIENCIAS DE LA SALUD,SEDE SANTIAGO,5.23
OBSTETRICIA,SEDE CONCEPCION,5.75
KINESIOLOGIA,SEDE CONCEPCION,6.33
DERECHO,SEDE SANTIAGO,5.25
MEDICINA VETERINARIA,SEDE PUERTO MONTT,6.13
ENFERMERIA,SEDE SANTIAGO,5.53
PEDAGOGIA DE EDUCACION MEDIA EN HISTORIA Y CIENCIAS SOCIALES,SEDE CONCEPCION,5.55
INGENIERIA EN ADMINISTRACION DE EMPRESAS,SEDE PATAGONIA (PUERTO MONTT),5.0
TECNOLOGIA MEDICA,SEDE SANTIAGO,5.28
INGENIERIA CIVIL INDUSTRIAL,SEDE SANTIAGO,5.63
PSICOLOGIA,SEDE SANTIAGO,5.25
MEDICINA,SEDE CONCEPCION,5.4
DERECHO,SEDE VALDIVIA,5.33
DERECHO,SEDE CONCEPCION,6.0
TERAPIA OCUPACIONAL,SEDE CONCEPCION,5.78
FONOAUDIOLOGIA,SEDE SANTIAGO,5.1
ODONTOLOGIA,SEDE CONCEPCION,5.68
PEDAGOGIA EN EDUCACION MEDIA EN INGLES,SEDE CONCEPCION,5.33
DERECHO,SEDE PATAGONIA (PUERTO MONTT),5.05
INGENIERIA EN EXPEDICIONES Y ECOTURISMO,SEDE SANTIAGO,4.93
KINESIOLOGIA,SEDE PATAGONIA (PUERTO MONTT),5.73
ENFERMERIA,SEDE SANTIAGO,5.58
PEDAGOGIA EN EDUCACION BASICA,SEDE VALDIVIA,5.43
PEDAGOGIA EN EDUCACION BASICA,SEDE CONCEPCION,5.15
PEDAGOGIA EN EDUCACION MEDIA EN EDUCACION FISICA,SEDE VALDIVIA,6.28
PEDAGOGIA DE EDUCACION MEDIA EN MATEMATICA,SEDE OSORNO,5.7
ADMINISTRACION PUBLICA,SEDE SANTIAGO,6.43
POSTITULO DE ESPECIALIZACION ODONTOLOGICA EN IMPLANTOLOGIA QUIRURGICA Y PROTESICA,SEDE CONCEPCION,6.65
TERAPIA OCUPACIONAL,SEDE CONCEPCION,5.43
LICENCIATURA EN TRABAJO SOCIAL,SEDE SANTIAGO,5.68
MEDICINA VETERINARIA,SEDE PUERTO MONTT,5.5
PSICOLOGIA,SEDE VALDIVIA,5.57
ENFERMERIA,SEDE SANTIAGO,5.93
FONOAUDIOLOGIA,SEDE SANTIAGO,5.23
"MAGISTER EN DERECHO PENAL, DERECHO PROCESAL PENAL Y LITIGACION ORAL",SEDE PATAGONIA (PUERTO MONTT),6.23
BACHILLERATO EN CIENCIAS DE LA SALUD,SEDE CONCEPCION,6.43
DIPLOMADO EN GESTION FARMACEUTICA EN ATENCION PRIMARIA DE SALUD,SEDE SANTIAGO,6.43
NUTRICION Y DIETETICA,SEDE SANTIAGO,5.63
PEDAGOGIA EN EDUCACION DIFERENCIAL,SEDE SANTIAGO,5.75
INGENIERIA INDUSTRIAL,SEDE CONCEPCION,5.43
NUTRICION Y DIETETICA,SEDE CONCEPCION,6.05
ODONTOLOGIA,SEDE SANTIAGO,5.58
INGENIERIA CIVIL INDUSTRIAL,SEDE SANTIAGO,5.18
ENFERMERIA,SEDE VALDIVIA,5.8
MAGISTER EN ALTA DIRECCION Y GESTION DE INSTITUCIONES EDUCACIONALES,SEDE VALDIVIA,6.08
KINESIOLOGIA,SEDE CONCEPCION,5.45
CIENCIAS POLITICAS Y GESTION PUBLICA,SEDE CONCEPCION,5.15
DERECHO,SEDE CONCEPCION,5.58
ENFERMERIA,SEDE VALDIVIA,4.68
OBSTETRICIA,SEDE CONCEPCION,5.78
TERAPIA OCUPACIONAL,SEDE CONCEPCION,5.68
KINESIOLOGIA,SEDE SANTIAGO,5.83
ENFERMERIA,SEDE VALDIVIA,5.8
PEDAGOGIA EN EDUCACION FISICA,SEDE SANTIAGO,5.18
MAGISTER EN DIRECCION COMERCIAL Y MARKETING,SEDE SANTIAGO,5.65
PEDAGOGIA DE EDUCACION MEDIA EN EDUCACION FISICA,SEDE CONCEPCION,5.2
INGENIERIA CIVIL INDUSTRIAL,SEDE VALDIVIA,4.83
MAGISTER EN ALTA DIRECCION Y GESTION DE INSTITUCIONES EDUCACIONALES,SEDE VALDIVIA,5.3
NUTRICION Y DIETETICA,SEDE CONCEPCION,5.48
TECNOLOGIA MEDICA,SEDE SANTIAGO,5.88
BACHILLERATO EN CIENCIAS DE LA SALUD,SEDE SANTIAGO,5.45
DERECHO,SEDE PUERTO MONTT,6.23
PEDAGOGIA EN EDUCACION FISICA,SEDE CONCEPCION,5.03
TECNOLOGIA MEDICA,SEDE CONCEPCION,5.48
TECNOLOGIA MEDICA,SEDE SANTIAGO,5.63
TECNOLOGIA MEDICA,SEDE SANTIAGO,4.98
ENFERMERIA,SEDE VALDIVIA,6.23
PEDAGOGIA DE EDUCACION MEDIA EN EDUCACION FISICA,SEDE PUERTO MONTT,5.83
NUTRICION Y DIETETICA,SEDE SANTIAGO,5.8
PEDAGOGIA DE EDUCACION MEDIA EN INGLES,SEDE CONCEPCION,5.05
INGENIERIA COMERCIAL,SEDE SANTIAGO,5.3
DIPLOMADO EN GESTION DEL CUIDADO EN UNIDADES DE PACIENTE CRITICO,SEDE VALDIVIA,5.85
MAGISTER EN GESTION ESTRATEGICA DE SALUD,SEDE SANTIAGO,6.53
INGENIERIA COMERCIAL,SEDE CONCEPCION,5.9
INGENIERIA CIVIL EN BIOTECNOLOGIA,SEDE CONCEPCION,6.4
PEDAGOGIA DE EDUCACION MEDIA EN EDUCACION FISICA,SEDE SANTIAGO,5.1
MAGISTER EN ACTIVIDAD FISICA Y DEPORTE,SEDE CONCEPCION,5.45
QUIMICA Y FARMACIA,SEDE CONCEPCION,5.28
POSTITULO DE ESPECIALIZACION ODONTOLOGICA EN RADIOLOGIA ORAL Y MAXILO FACIAL,SEDE CONCEPCION,5.88
INGENIERIA CIVIL INDUSTRIAL,SEDE CONCEPCION,5.7
ODONTOLOGIA,SEDE CONCEPCION,5.93
PEDAGOGIA DE EDUCACION MEDIA EN INGLES,SEDE CONCEPCION,5.8
PEDAGOGIA DE EDUCACION BASICA EN INGLES,SEDE CONCEPCION,5.18
KINESIOLOGIA,SEDE CONCEPCION,6.5
PEDAGOGIA DE EDUCACION MEDIA EN EDUCACION FISICA,SEDE CONCEPCION,5.18
PEDAGOGIA DE EDUCACION MEDIA EN INGLES,SEDE CONCEPCION,5.98
ENFERMERIA,SEDE PATAGONIA (PUERTO MONTT),5.43
PEDAGOGIA DE EDUCACION MEDIA EN EDUCACION FISICA,SEDE VALDIVIA,5.45
PEDAGOGIA DE EDUCACION MEDIA EN EDUCACION FISICA,SEDE OSORNO,6.6
ENFERMERIA,SEDE VALDIVIA,6.2
FONOAUDIOLOGIA,SEDE SANTIAGO,5.73
PEDAGOGIA EN EDUCACION DIFERENCIAL,SEDE CONCEPCION,5.75
QUIMICA Y FARMACIA,SEDE SANTIAGO,5.68
PEDAGOGIA DE EDUCACION MEDIA EN EDUCACION FISICA,SEDE PUERTO MONTT,5.28
BIOQUIMICA,SEDE SANTIAGO,5.13
ARQUITECTURA,SEDE CONCEPCION,5.25
ENFERMERIA,SEDE CONCEPCION,5.48
ODONTOLOGIA,SEDE VALDIVIA,5.28
QUIMICA Y FARMACIA,SEDE SANTIAGO,5.25
KINESIOLOGIA,SEDE SANTIAGO,5.18
DERECHO,SEDE CONCEPCION,5.85
PEDAGOGIA DE EDUCACION MEDIA EN INGLES,SEDE CONCEPCION,5.15
NUTRICION Y DIETETICA,SEDE SANTIAGO,5.15
DERECHO,SEDE CONCEPCION,6.0
PEDAGOGIA DE EDUCACION MEDIA EN EDUCACION FISICA,SEDE SANTIAGO,5.1
PEDAGOGIA DE EDUCACION MEDIA EN MATEMATICA Y COMPUTACION,SEDE TALCAHUANO,5.6
PEDAGOGIA DE EDUCACION MEDIA EN EDUCACION FISICA,SEDE SANTIAGO,5.1
ODONTOLOGIA,SEDE CONCEPCION,5.43
INGENIERIA CIVIL INDUSTRIAL,SEDE SANTIAGO,5.05
BACHILLERATO EN CIENCIAS DE LA SALUD,SEDE CONCEPCION,5.98
ENFERMERIA,SEDE CONCEPCION,5.83
DERECHO,SEDE PUERTO MONTT,5.4
DERECHO,SEDE SANTIAGO,5.03
INGENIERIA CIVIL,SEDE CONCEPCION,5.88
TRABAJO SOCIAL,SEDE CONCEPCION,5.18
ODONTOLOGIA,SEDE OSORNO,5.9
INGENIERIA COMERCIAL,SEDE SANTIAGO,5.2
PSICOLOGIA,SEDE CONCEPCION,5.45
PSICOLOGIA,SEDE CONCEPCION,5.98
BACHILLERATO EN CIENCIAS DE LA SALUD,SEDE VALDIVIA,5.23
FONOAUDIOLOGIA,SEDE CONCEPCION,5.6
MEDICINA,SEDE CONCEPCION,6.48
POSTITULO DE ESPECIALIZACION EN FISICA PARA EDUCACION MEDIA,SEDE SANTIAGO,6.08
DIPLOMADO EN DEGLUCION PEDIATRICA,SEDE SANTIAGO,6.03
PSICOLOGIA,SEDE SANTIAGO,5.7
ENFERMERIA,SEDE VALDIVIA,5.33
INGENIERIA CIVIL INDUSTRIAL,SEDE CONCEPCION,5.55
KINESIOLOGIA,SEDE OSORNO,5.45
PSICOLOGIA,SEDE PUERTO MONTT,6.58
ARQUITECTURA,SEDE SANTIAGO,5.35
TERAPIA OCUPACIONAL,SEDE CONCEPCION,5.68
ODONTOLOGIA,SEDE SANTIAGO,5.83
BACHILLERATO EN CIENCIAS DE LA SALUD,SEDE VALDIVIA,6.08
PSICOLOGIA,SEDE VALDIVIA,5.7
TERAPIA OCUPACIONAL,SEDE CONCEPCION,5.9
INGENIERIA CIVIL INDUSTRIAL,SEDE CONCEPCION,5.88
PSICOLOGIA,SEDE VALDIVIA,5.55
TERAPIA OCUPACIONAL,SEDE CONCEPCION,4.9
PEDAGOGIA DE EDUCACION MEDIA EN MATEMATICA,SEDE SANTIAGO,5.65
FONOAUDIOLOGIA,SEDE SANTIAGO,5.98
BACHILLERATO EN CIENCIAS DE LA SALUD,SEDE VALDIVIA,5.73
DERECHO,SEDE OSORNO,5.75
INGENIERIA EN ENERGIA Y SUSTENTABILIDAD AMBIENTAL,SEDE CONCEPCION,5.33
ENFERMERIA,SEDE PATAGONIA (PUERTO MONTT),5.43
DIPLOMADO EN INTERVENCIONES CLINICAS EN ABUSO SEXUAL EN LA INFANCIA Y LA ADOLESCENCIA,SEDE CONCEPCION,6.23
NUTRICION Y DIETETICA,SEDE SANTIAGO,5.57
ENFERMERIA,SEDE VALDIVIA,6.28
FONOAUDIOLOGIA,SEDE SANTIAGO,5.98
KINESIOLOGIA,SEDE SANTIAGO,5.43
BACHILLERATO EN CIENCIAS DE LA SALUD,SEDE CONCEPCION,6.08
FONOAUDIOLOGIA,SEDE CONCEPCION,5.43
ENFERMERIA,SEDE PUERTO MONTT,5.35
PEDAGOGIA EN EDUCACION DIFERENCIAL,SEDE CONCEPCION,5.85
INGENIERIA CIVIL INDUSTRIAL,SEDE SANTIAGO,5.48
PEDAGOGIA DE EDUCACION MEDIA EN EDUCACION FISICA,SEDE VALDIVIA,6.28
INGENIERIA CIVIL,SEDE SANTIAGO,5.6
KINESIOLOGIA,SEDE SANTIAGO,5.2
PEDAGOGIA EN EDUCACION DIFERENCIAL,SEDE PUERTO MONTT,5.08
KINESIOLOGIA,SEDE CONCEPCION,5.43
PEDAGOGIA EN EDUCACION FISICA,SEDE PUERTO MONTT,5.33
PSICOLOGIA,SEDE VALDIVIA,5.6
ENFERMERIA,SEDE VALDIVIA,5.73
MAGISTER EN GESTION ESTRATEGICA DE SALUD,SEDE SANTIAGO,6.18
MAGISTER EN GESTION DE RECURSOS HUMANOS,SEDE VALDIVIA,5.83
INGENIERIA CIVIL INDUSTRIAL,SEDE PUERTO MONTT,5.18
ODONTOLOGIA,SEDE VALDIVIA,5.98
ENFERMERIA,SEDE CONCEPCION,5.33
QUIMICA Y FARMACIA,SEDE SANTIAGO,5.6
PEDAGOGIA EN EDUCACION BASICA,SEDE VALDIVIA,5.33
TERAPIA OCUPACIONAL,SEDE CONCEPCION,6.18
KINESIOLOGIA,SEDE SANTIAGO,6.03
KINESIOLOGIA,SEDE SANTIAGO,5.05
PEDAGOGIA EN EDUCACION BASICA,SEDE VALDIVIA,5.53
PEDAGOGIA DE EDUCACION MEDIA EN HISTORIA Y GEOGRAFIA,SEDE CONCEPCION,5.88
PSICOLOGIA,SEDE PUERTO MONTT,5.8
QUIMICA Y FARMACIA,SEDE SANTIAGO,5.3
PSICOLOGIA,SEDE VALDIVIA,6.2
CONTADOR AUDITOR,SEDE SANTIAGO,5.43
DERECHO,SEDE SANTIAGO,5.53
PEDAGOGIA EN EDUCACION MEDIA EN EDUCACION FISICA,SEDE CONCEPCION,4.98
TRABAJO SOCIAL,SEDE SANTIAGO,5.23
ARQUITECTURA,SEDE CONCEPCION,5.5
PEDAGOGIA EN EDUCACION DIFERENCIAL,SEDE CONCEPCION,5.48
PEDAGOGIA DE EDUCACION MEDIA EN INGLES,SEDE CONCEPCION,5.6
ODONTOLOGIA,SEDE CONCEPCION,6.03
PSICOLOGIA,SEDE CONCEPCION,5.68
MEDICINA,SEDE CONCEPCION,6.18
ENFERMERIA,SEDE CONCEPCION,5.8
KINESIOLOGIA,SEDE PUERTO MONTT,5.93
MEDICINA,SEDE SANTIAGO,5.8
PEDAGOGIA EN EDUCACION BASICA,SEDE SANTIAGO,5.33
PSICOLOGIA,SEDE CONCEPCION,5.35
ARQUITECTURA,SEDE CONCEPCION,5.03
TECNOLOGIA MEDICA,SEDE SANTIAGO,6.23
INGENIERIA CIVIL,SEDE CONCEPCION,5.58
INGENIERIA EN EXPEDICIONES Y ECOTURISMO,SEDE SANTIAGO,4.53
INGENIERIA COMERCIAL,SEDE SANTIAGO,5.35
KINESIOLOGIA,SEDE VALDIVIA,5.35
PEDAGOGIA DE EDUCACION MEDIA EN INGLES,SEDE SANTIAGO,5.38
DIPLOMADO EN GESTION DEL CUIDADO EN UNIDADES DE PACIENTE CRITICO,SEDE CONCEPCION,5.7
ARQUITECTURA,SEDE PUERTO MONTT,5.13
INGENIERIA COMERCIAL,SEDE SANTIAGO,5.93
TECNOLOGIA MEDICA,SEDE CONCEPCION,5.65
KINESIOLOGIA,SEDE SANTIAGO,5.7
DIPLOMADO EN IMPLANTOLOGIA ORAL QUIRURGICA Y PROTESICA,SEDE SANTIAGO,6.53
FONOAUDIOLOGIA,SEDE CONCEPCION,6.05
INGENIERIA COMERCIAL,SEDE SANTIAGO,5.93
PEDAGOGIA DE EDUCACION MEDIA EN HISTORIA Y GEOGRAFIA,SEDE SANTIAGO,5.3
PEDAGOGIA EN EDUCACION BASICA,SEDE PUERTO MONTT,6.53
QUIMICA Y FARMACIA,SEDE CONCEPCION,6.35
PEDAGOGIA DE EDUCACION MEDIA EN HISTORIA Y GEOGRAFIA,SEDE SANTIAGO,5.03
PEDAGOGIA DE EDUCACION MEDIA EN EDUCACION FISICA,SEDE SANTIAGO,5.75
FONOAUDIOLOGIA,SEDE SANTIAGO,5.73
TERAPIA OCUPACIONAL,SEDE CONCEPCION,6.08
DIPLOMADO EN GESTION DEL CUIDADO EN UNIDADES DE PACIENTE CRITICO,SEDE PATAGONIA (PUERTO MONTT),6.2
PEDAGOGIA DE EDUCACION MEDIA EN EDUCACION FISICA,SEDE SANTIAGO,5.2
PSICOLOGIA,SEDE VALDIVIA,5.03
ENFERMERIA,SEDE PUERTO MONTT,5.38
ODONTOLOGIA,SEDE CONCEPCION,5.08
ENFERMERIA,SEDE SANTIAGO,5.7
INGENIERIA COMERCIAL,SEDE CONCEPCION,5.13
ODONTOLOGIA,SEDE SANTIAGO,6.38
NUTRICION Y DIETETICA,SEDE SANTIAGO,5.28
PEDAGOGIA EN EDUCACION DIFERENCIAL,SEDE SANTIAGO,5.23
DERECHO,SEDE PUERTO MONTT,5.45
PEDAGOGIA DE EDUCACION MEDIA EN HISTORIA Y GEOGRAFIA,SEDE PUERTO MONTT,5.65
ENFERMERIA,SEDE SANTIAGO,5.28
CIENCIAS POLITICAS Y GESTION PUBLICA,SEDE CONCEPCION,4.88
PEDAGOGIA EN EDUCACION BASICA,SEDE VALDIVIA,4.8
DERECHO,SEDE VALDIVIA,5.78
POSTITULO DE ESPECIALIZACION PARA LA EDUCACION BASICA: MATEMATICA,SEDE CONCEPCION,5.85
MAGISTER EN MEDICINA VETERINARIA MENCION CALIDAD E INOCUIDAD DE LOS ALIMENTOS DE ORIGEN ANIMAL Y GESTION DE LA EMPRESA ALIMENTARIA,SEDE CONCEPCION,5.85
ODONTOLOGIA,SEDE SANTIAGO,6.08
PEDAGOGIA EN EDUCACION BASICA,SEDE SANTIAGO,6.0
ARQUITECTURA,SEDE SANTIAGO,5.38
PEDAGOGIA DE EDUCACION BASICA EN MATEMATICA,SEDE PUERTO MONTT,5.55
PEDAGOGIA EN EDUCACION DIFERENCIAL,SEDE PATAGONIA (PUERTO MONTT),6.28
MAGISTER EN GESTION ESTRATEGICA Y EVALUACION DE PROYECTOS,SEDE SANTIAGO,6.5
DIPLOMADO EN GESTION ESTRATEGICA,SEDE OSORNO,6.58
MAGISTER EN GESTION ESTRATEGICA Y EVALUACION DE PROYECTOS,SEDE SANTIAGO,6.28
INGENIERIA CIVIL,SEDE CONCEPCION,5.58
ENFERMERIA,SEDE OSORNO,5.68
TECNOLOGIA MEDICA,SEDE SANTIAGO,6.18
BACHILLERATO EN CIENCIAS DE LA SALUD,SEDE CONCEPCION,5.25
FONOAUDIOLOGIA,SEDE CONCEPCION,5.63
MEDICINA,SEDE SANTIAGO,5.73
OBSTETRICIA,SEDE SANTIAGO,4.98
DERECHO,SEDE VALDIVIA,6.2
MAGISTER PROFESIONAL EN DIRECCION Y CONTROL DE GESTION PUBLICA,SEDE CONCEPCION,5.43
PEDAGOGIA DE EDUCACION MEDIA EN INGLES,SEDE SANTIAGO,5.6
PEDAGOGIA DE EDUCACION MEDIA EN INGLES,SEDE VALDIVIA,5.85
ODONTOLOGIA,SEDE PUERTO MONTT,6.2
PEDAGOGIA DE EDUCACION MEDIA EN MATEMATICA Y COMPUTACION,SEDE CONCEPCION,6.03
BACHILLERATO EN CIENCIAS DE LA SALUD,SEDE CONCEPCION,5.85
KINESIOLOGIA,SEDE OSORNO,6.1
TECNOLOGIA MEDICA,SEDE SANTIAGO,6.08
ENFERMERIA,SEDE VALDIVIA,5.6
PEDAGOGIA DE EDUCACION MEDIA EN EDUCACION FISICA,SEDE VALDIVIA,5.45
ENFERMERIA,SEDE CONCEPCION,5.95
INGENIERIA CIVIL PLAN COMUN,SEDE OSORNO,6.18
ENFERMERIA,SEDE SANTIAGO,5.63
TECNICO EN ENFERMERIA,SEDE CONCEPCION,5.4
ODONTOLOGIA,SEDE SANTIAGO,5.63
DERECHO,SEDE VALDIVIA,4.98
ENFERMERIA,SEDE PUERTO MONTT,6.15
DERECHO,SEDE CONCEPCION,5.65
TECNOLOGIA MEDICA,SEDE SANTIAGO,5.78
PEDAGOGIA DE EDUCACION MEDIA EN LENGUAJE Y COMUNICACION,SEDE SANTIAGO,5.28
TECNOLOGIA MEDICA,SEDE CONCEPCION,6.13
ENFERMERIA,SEDE CONCEPCION,5.45
INGENIERIA CIVIL INDUSTRIAL,SEDE CONCEPCION,5.4
PEDAGOGIA DE EDUCACION MEDIA EN EDUCACION FISICA,SEDE CONCEPCION,4.75
PEDAGOGIA EN EDUCACION BASICA,SEDE OSORNO,6.08
INGENIERIA COMERCIAL,SEDE CONCEPCION,6.25
INGENIERIA CIVIL INDUSTRIAL,SEDE SANTIAGO,5.93
POSTITULO EN EDUCACION DISCAPACIDAD INTELECTUAL E INTEGRACION ESCOLAR,SEDE CONCEPCION,5.15
CIENCIAS POLITICAS Y GESTION PUBLICA,SEDE CONCEPCION,4.68
PEDAGOGIA DE EDUCACION MEDIA EN INGLES,SEDE SANTIAGO,5.78
PEDAGOGIA EN EDUCACION DIFERENCIAL,SEDE OSORNO,5.73
KINESIOLOGIA,SEDE CONCEPCION,5.15
ODONTOLOGIA,SEDE SANTIAGO,5.78
BACHILLERATO EN CIENCIAS DE LA SALUD,SEDE SANTIAGO,5.05
DIPLOMADO EN GESTION ESTRATEGICA,SEDE OSORNO,6.0
TERAPIA OCUPACIONAL,SEDE CONCEPCION,5.88
POSTITULO EN HABILITACION PARA LA ENSEÑANZA DEL INGLES EN EL NIVEL DE EDUCACION BASICA,SEDE PATAGONIA (PUERTO MONTT),5.08
INGENIERIA CIVIL EN BIOTECNOLOGIA,SEDE SANTIAGO,5.65
ODONTOLOGIA,SEDE VALDIVIA,5.55
TECNOLOGIA MEDICA,SEDE PATAGONIA (PUERTO MONTT),5.63
PEDAGOGIA DE EDUCACION MEDIA EN INGLES,SEDE CONCEPCION,5.35
PSICOLOGIA,SEDE CONCEPCION,6.15
PEDAGOGIA DE EDUCACION MEDIA EN HISTORIA Y GEOGRAFIA,SEDE CONCEPCION,5.18
INGENIERIA CIVIL INDUSTRIAL,SEDE CONCEPCION,5.65
TECNOLOGIA MEDICA,SEDE CONCEPCION,6.0
EDUCACION PARVULARIA,SEDE CONCEPCION,4.98
PSICOLOGIA,SEDE CONCEPCION,5.58
INGENIERIA EN EXPEDICIONES Y ECOTURISMO,SEDE PATAGONIA (PUERTO MONTT),5.5
PEDAGOGIA EN HISTORIA Y CIENCIAS SOCIALES,SEDE TALCAHUANO,5.2
PEDAGOGIA DE EDUCACION MEDIA EN HISTORIA Y GEOGRAFIA,SEDE CONCEPCION,5.73
ARQUITECTURA,SEDE SANTIAGO,4.95
ENFERMERIA,SEDE SANTIAGO,5.23
ODONTOLOGIA,SEDE PUERTO MONTT,6.4
PEDAGOGIA EN EDUCACION DIFERENCIAL,SEDE SANTIAGO,5.15
ODONTOLOGIA,SEDE SANTIAGO,5.78
INGENIERIA CIVIL INDUSTRIAL,SEDE SANTIAGO,5.03
PEDAGOGIA DE EDUCACION MEDIA EN EDUCACION FISICA,SEDE CONCEPCION,5.3
FONOAUDIOLOGIA,SEDE SANTIAGO,5.55
KINESIOLOGIA,SEDE OSORNO,5.23
PEDAGOGIA DE EDUCACION MEDIA EN EDUCACION FISICA,SEDE CONCEPCION,5.7
MEDICINA,SEDE PATAGONIA (PUERTO MONTT),6.25
MAGISTER EN GESTION ESTRATEGICA EN SALUD,SEDE PATAGONIA (PUERTO MONTT),6.03
FONOAUDIOLOGIA,SEDE VALDIVIA,5.2
INGENIERIA CIVIL INFORMATICA,SEDE SANTIAGO,5.63
INGENIERIA CIVIL EN MINAS,SEDE SANTIAGO,5.2
KINESIOLOGIA,SEDE SANTIAGO,5.35
INGENIERIA CIVIL INFORMATICA,SEDE SANTIAGO,5.25
ENFERMERIA,SEDE OSORNO,5.23
"MAGISTER INTERDISCIPLINARIO EN TRASTORNOS DE LA COMUNICACION, AUDICION Y LENGUAJE",SEDE CONCEPCION,4.75
DERECHO,SEDE SANTIAGO,5.35
PSICOLOGIA,SEDE CONCEPCION,5.85
QUIMICA Y FARMACIA,SEDE SANTIAGO,5.98
TERAPIA OCUPACIONAL,SEDE SANTIAGO,5.93
PEDAGOGIA DE EDUCACION MEDIA EN EDUCACION FISICA,SEDE VALDIVIA,5.83
INGENIERIA CIVIL,SEDE CONCEPCION,5.45
PEDAGOGIA EN EDUCACION DIFERENCIAL,SEDE VALDIVIA,5.35
PEDAGOGIA DE EDUCACION MEDIA EN INGLES,SEDE CONCEPCION,5.35
INGENIERIA COMERCIAL,SEDE CONCEPCION,5.65
KINESIOLOGIA,SEDE CONCEPCION,5.43
TERAPIA OCUPACIONAL,SEDE SANTIAGO,5.3
ENFERMERIA,SEDE CONCEPCION,6.05
MEDICINA,SEDE SANTIAGO,5.55
PEDAGOGIA EN EDUCACION DIFERENCIAL,SEDE CONCEPCION,5.73
MEDICINA VETERINARIA,SEDE CONCEPCION,5.68
ENFERMERIA,SEDE VALDIVIA,5.73
MEDICINA VETERINARIA,SEDE PATAGONIA (PUERTO MONTT),5.95
ARQUITECTURA,SEDE CONCEPCION,5.58
FONOAUDIOLOGIA,SEDE CONCEPCION,6.45
OBSTETRICIA,SEDE PUERTO MONTT,5.85
DERECHO,SEDE VALDIVIA,6.05
INGENIERIA CIVIL INDUSTRIAL,SEDE SANTIAGO,5.55
PEDAGOGIA EN EDUCACION MEDIA EN EDUCACION FISICA,SEDE TALCAHUANO,5.35
INGENIERIA COMERCIAL,SEDE CONCEPCION,4.93
TERAPIA OCUPACIONAL,SEDE SANTIAGO,4.88
NUTRICION Y DIETETICA,SEDE SANTIAGO,5.35
OBSTETRICIA,SEDE SANTIAGO,5.38
INGENIERIA EN EXPEDICIONES Y ECOTURISMO,SEDE PATAGONIA (PUERTO MONTT),6.03
NUTRICION Y DIETETICA,SEDE CONCEPCION,6.0
INGENIERIA CIVIL INDUSTRIAL,SEDE SANTIAGO,5.53
PEDAGOGIA EN EDUCACION DIFERENCIAL,SEDE SANTIAGO,4.83
DERECHO,SEDE SANTIAGO,4.85
INGENIERIA CIVIL,SEDE CONCEPCION,6.05
KINESIOLOGIA,SEDE SANTIAGO,5.45
TECNOLOGIA MEDICA,SEDE SANTIAGO,5.38
INGENIERIA CIVIL,SEDE CONCEPCION,5.55
INGENIERIA COMERCIAL,SEDE CONCEPCION,5.4
NUTRICION Y DIETETICA,SEDE CONCEPCION,5.7
ENFERMERIA,SEDE SANTIAGO,5.48
PSICOLOGIA,SEDE CONCEPCION,5.75
PSICOLOGIA,SEDE CONCEPCION,5.43
PSICOLOGIA,SEDE CONCEPCION,5.43
POSTITULO EN MOTRICIDAD INFANTIL,SEDE CONCEPCION,5.43
TECNOLOGIA MEDICA,SEDE CONCEPCION,6.08
ENFERMERIA,SEDE CONCEPCION,5.68
BACHILLERATO EN CIENCIAS DE LA SALUD,SEDE SANTIAGO,6.15
ENFERMERIA,SEDE CONCEPCION,6.18
PEDAGOGIA EN EDUCACION DIFERENCIAL,SEDE VALDIVIA,5.88
PEDAGOGIA EN EDUCACION FISICA,SEDE CONCEPCION,4.98
KINESIOLOGIA,SEDE VALDIVIA,5.55
ENFERMERIA,SEDE SANTIAGO,5.75
INGENIERIA EN ENERGIA Y SUSTENTABILIDAD AMBIENTAL,SEDE SANTIAGO,5.05
INGENIERIA CIVIL INDUSTRIAL,SEDE CONCEPCION,5.33
DERECHO,SEDE OSORNO,5.7
FONOAUDIOLOGIA,SEDE CONCEPCION,5.6
DIPLOMADO EN NEUROREHABILITACION FONOAUDIOLOGICA EN ADULTOS,SEDE SANTIAGO,6.28
ODONTOLOGIA,SEDE SANTIAGO,6.38
INGENIERIA CIVIL INDUSTRIAL,SEDE SANTIAGO,5.48
TECNOLOGIA MEDICA,SEDE SANTIAGO,5.15
DERECHO,SEDE CONCEPCION,5.25
MEDICINA VETERINARIA,SEDE CONCEPCION,5.23
NUTRICION Y DIETETICA,SEDE CONCEPCION,6.05
PEDAGOGIA EN EDUCACION BASICA,SEDE SANTIAGO,5.35
PEDAGOGIA DE EDUCACION MEDIA EN INGLES,SEDE SANTIAGO,5.43
INGENIERIA CIVIL INFORMATICA,SEDE SANTIAGO,6.13
PEDAGOGIA DE EDUCACION BASICA EN INGLES,SEDE CONCEPCION,5.38
OBSTETRICIA,SEDE CONCEPCION,6.13
NUTRICION Y DIETETICA,SEDE PUERTO MONTT,6.05
PEDAGOGIA DE EDUCACION MEDIA EN HISTORIA Y GEOGRAFIA,SEDE SANTIAGO,5.75
INGENIERIA CIVIL PLAN COMUN,SEDE SANTIAGO,6.0
INGENIERIA COMERCIAL,SEDE SANTIAGO,5.38
INGENIERIA EN EXPEDICIONES Y ECOTURISMO,SEDE SANTIAGO,6.2
PSICOLOGIA,SEDE PUERTO MONTT,5.63
KINESIOLOGIA,SEDE VALDIVIA,5.93
NUTRICION Y DIETETICA,SEDE SANTIAGO,5.8
TECNOLOGIA MEDICA,SEDE SANTIAGO,5.95
INGENIERIA COMERCIAL,SEDE VALDIVIA,6.3
ODONTOLOGIA,SEDE VALDIVIA,6.03
FONOAUDIOLOGIA,SEDE CONCEPCION,5.9
PEDAGOGIA EN EDUCACION BASICA,SEDE VALDIVIA,5.8
INGENIERIA EN EXPEDICIONES Y ECOTURISMO,SEDE SANTIAGO,5.05
ENFERMERIA,SEDE SANTIAGO,5.8
BACHILLERATO EN CIENCIAS DE LA SALUD,SEDE SANTIAGO,5.55
FONOAUDIOLOGIA,SEDE CONCEPCION,5.28
OBSTETRICIA,SEDE CONCEPCION,5.15
OBSTETRICIA,SEDE PUERTO MONTT,6.35
PEDAGOGIA EN EDUCACION DIFERENCIAL,SEDE SANTIAGO,5.0
ENFERMERIA,SEDE SANTIAGO,5.85
PSICOLOGIA,SEDE SANTIAGO,5.13
TRABAJO SOCIAL,SEDE CONCEPCION,5.28
ENFERMERIA,SEDE OSORNO,5.68
INGENIERIA COMERCIAL,SEDE CONCEPCION,6.07
NUTRICION Y DIETETICA,SEDE CONCEPCION,5.6
PEDAGOGIA DE EDUCACION MEDIA EN INGLES,SEDE CONCEPCION,5.13
FONOAUDIOLOGIA,SEDE CONCEPCION,5.8
TERAPIA OCUPACIONAL,SEDE CONCEPCION,5.0
INGENIERIA EN EXPEDICIONES Y ECOTURISMO,SEDE SANTIAGO,5.05
ENFERMERIA,SEDE VALDIVIA,5.48
MEDICINA,SEDE PUERTO MONTT,6.18
MEDICINA,SEDE SANTIAGO,6.08
FONOAUDIOLOGIA,SEDE VALDIVIA,6.2
PEDAGOGIA DE EDUCACION MEDIA EN INGLES,SEDE SANTIAGO,6.13
PSICOLOGIA,SEDE PUERTO MONTT,5.2
DERECHO,SEDE CONCEPCION,5.95
ENFERMERIA,SEDE CONCEPCION,5.25
TERAPIA OCUPACIONAL,SEDE CONCEPCION,5.83
FONOAUDIOLOGIA,SEDE SANTIAGO,5.8
INGENIERIA CIVIL INDUSTRIAL,SEDE SANTIAGO,5.23
QUIMICA Y FARMACIA,SEDE SANTIAGO,6.13
PEDAGOGIA DE EDUCACION MEDIA EN EDUCACION FISICA,SEDE CONCEPCION,5.95
ARQUITECTURA,SEDE CONCEPCION,5.48
PEDAGOGIA EN EDUCACION DIFERENCIAL,SEDE VALDIVIA,5.75
ODONTOLOGIA,SEDE SANTIAGO,6.08
DERECHO,SEDE CONCEPCION,5.8
KINESIOLOGIA,SEDE SANTIAGO,4.97
ODONTOLOGIA,SEDE SANTIAGO,6.18
PEDAGOGIA EN EDUCACION DIFERENCIAL,SEDE OSORNO,5.13
POSTITULO EN NECESIDADES EDUCATIVAS MULTIPLES,SEDE CONCEPCION,5.15
INGENIERIA CIVIL INFORMATICA,SEDE SANTIAGO,5.78
DIPLOMADO EN ENDODONCIA EN MOLARES,SEDE CONCEPCION,6.6
KINESIOLOGIA,SEDE SANTIAGO,5.4
DIPLOMADO DE EMERGENCIA Y PACIENTE CRITICO,SEDE CONCEPCION,6.33
PSICOLOGIA,SEDE VALDIVIA,5.93
BACHILLERATO EN CIENCIAS DE LA SALUD,SEDE PATAGONIA (PUERTO MONTT),6.23
MAGISTER EN GESTION ESTRATEGICA EN SALUD,SEDE CONCEPCION,5.7
