carrera_nomb_carrera,carrera_comuna_sede,escolar_percentil,escolar_nem
MEDICINA VETERINARIA,PUERTO MONTT,10,6.4
ODONTOLOGIA,SANTIAGO,80,5.73
PSICOLOGIA,SANTIAGO,20,6.13
PSICOLOGIA,PUERTO MONTT,80,5.08
PEDAGOGIA DE EDUCACION MEDIA EN EDUCACION FISICA,SANTIAGO,40,5.68
ODONTOLOGIA,PUERTO MONTT,20,5.58
INGENIERIA EN ENERGIA Y SUSTENTABILIDAD AMBIENTAL,CONCEPCION,20,6.33
BACHILLERATO EN CIENCIAS DE LA SALUD,CONCEPCION,50,5.8
QUIMICA Y FARMACIA,CONCEPCION,60,5.55
ENFERMERIA,CONCEPCION,90,5.15
PEDAGOGIA EN EDUCACION DIFERENCIAL,CONCEPCION,40,5.63
CIENCIAS POLITICAS Y GESTION PUBLICA,CONCEPCION,70,4.87
INGENIERIA CIVIL,SANTIAGO,20,6.08
PEDAGOGIA EN EDUCACION DIFERENCIAL,CONCEPCION,50,5.6
OBSTETRICIA,CONCEPCION,90,5.23
FONOAUDIOLOGIA,SANTIAGO,70,5.6
BACHILLERATO EN CIENCIAS DE LA SALUD,CONCEPCION,100,5.23
INGENIERIA COMERCIAL,CONCEPCION,80,5.23
MEDICINA VETERINARIA,PUERTO MONTT,10,6.18
DERECHO,VALDIVIA,50,5.9
INGENIERIA CIVIL INDUSTRIAL,CONCEPCION,70,4.85
PEDAGOGIA DE EDUCACION MEDIA EN INGLES,CONCEPCION,70,5.2
OBSTETRICIA,CONCEPCION,20,6.13
FONOAUDIOLOGIA,PUERTO MONTT,90,5.65
PEDAGOGIA EN EDUCACION BASICA,VALDIVIA,90,5.25
TERAPIA OCUPACIONAL,SANTIAGO,100,5.25
TERAPIA OCUPACIONAL,SANTIAGO,70,4.95
TECNOLOGIA MEDICA,CONCEPCION,20,6.25
PEDAGOGIA DE EDUCACION MEDIA EN INGLES,CONCEPCION,50,5.38
TRABAJO SOCIAL,CONCEPCION,80,5.5
ARQUITECTURA,SANTIAGO,20,5.77
TERAPIA OCUPACIONAL,CONCEPCION,80,5.25
POSTITULO DE ESPECIALIZACION ODONTOLOGICA EN ENDODONCIA,SANTIAGO,60,5.68
MEDICINA,PUERTO MONTT,10,6.38
INGENIERIA CIVIL INDUSTRIAL,SANTIAGO,60,5.43
INGENIERIA CIVIL EN MINAS,SANTIAGO,10,6.07
MEDICINA,PUERTO MONTT,20,6.33
TRABAJO SOCIAL,CONCEPCION,100,4.95
EDUCACION PARVULARIA,CONCEPCION,50,5.55
INGENIERIA INDUSTRIAL,SANTIAGO,80,5.08
NUTRICION Y DIETETICA,SANTIAGO,70,5.23
INGENIERIA CIVIL INDUSTRIAL,SANTIAGO,30,5.55
INGENIERIA CIVIL INDUSTRIAL,SANTIAGO,100,4.88
PEDAGOGIA DE EDUCACION MEDIA EN EDUCACION FISICA,CONCEPCION,40,5.65
ARQUITECTURA,PUERTO MONTT,100,5.23
ENFERMERIA,PUERTO MONTT,30,5.88
PSICOLOGIA,SANTIAGO,10,6.33
ODONTOLOGIA,CONCEPCION,50,6.25
FONOAUDIOLOGIA,VALDIVIA,10,6.25
PEDAGOGIA EN EDUCACION DIFERENCIAL,CONCEPCION,90,5.25
DERECHO,CONCEPCION,60,5.35
FONOAUDIOLOGIA,SANTIAGO,100,4.98
KINESIOLOGIA,OSORNO,40,5.98
DIPLOMADO EN ATENCION INTEGRAL EN SALUD CON ENFOQUE FAMILIAR Y COMUNITARIO,CONCEPCION,60,5.53
KINESIOLOGIA,SANTIAGO,90,5.18
ENFERMERIA,OSORNO,30,5.65
QUIMICA Y FARMACIA,SANTIAGO,30,5.48
ARQUITECTURA,CONCEPCION,40,5.63
DIPLOMADO EN GESTION DE INSTITUCIONES DE SALUD,OSORNO,30,5.95
PEDAGOGIA DE EDUCACION MEDIA EN EDUCACION FISICA,CONCEPCION,60,5.4
PEDAGOGIA DE EDUCACION MEDIA EN EDUCACION FISICA,CONCEPCION,20,5.5
PEDAGOGIA DE EDUCACION MEDIA EN EDUCACION FISICA,VALDIVIA,80,5.48
INGENIERIA CIVIL INDUSTRIAL,SANTIAGO,80,5.43
KINESIOLOGIA,CONCEPCION,20,6.23
KINESIOLOGIA,SANTIAGO,90,5.08
TECNOLOGIA MEDICA,CONCEPCION,80,5.3
MAGISTER EN DIRECCION GENERAL DE EMPRESAS (MBA),SANTIAGO,70,5.25
ENFERMERIA,PUERTO MONTT,10,5.45
TECNOLOGIA MEDICA,SANTIAGO,30,6.05
KINESIOLOGIA,VALDIVIA,60,5.53
DERECHO,CONCEPCION,90,5.1
ENFERMERIA,PUERTO MONTT,60,5.63
PSICOLOGIA,SANTIAGO,90,5.75
ODONTOLOGIA,CONCEPCION,50,5.98
BACHILLERATO EN CIENCIAS DE LA SALUD,CONCEPCION,20,6.43
DERECHO,CONCEPCION,30,5.85
FONOAUDIOLOGIA,SANTIAGO,30,5.68
ENFERMERIA,CONCEPCION,40,5.83
ODONTOLOGIA,CONCEPCION,40,5.98
FONOAUDIOLOGIA,CONCEPCION,100,5.0
ODONTOLOGIA,VALDIVIA,20,6.05
PEDAGOGIA EN EDUCACION MEDIA EN INGLES,CONCEPCION,90,5.23
ENFERMERIA,CONCEPCION,20,6.0
ENFERMERIA,PUERTO MONTT,80,5.1
DERECHO,PUERTO MONTT,60,5.28
PSICOLOGIA,CONCEPCION,50,5.2
OBSTETRICIA,CONCEPCION,60,6.05
ODONTOLOGIA,SANTIAGO,20,5.73
PEDAGOGIA EN EDUCACION BASICA,VALDIVIA,40,5.25
DIPLOMADO EN LITIGACION ORAL,PUERTO MONTT,20,6.15
KINESIOLOGIA,CONCEPCION,60,5.75
ENFERMERIA,OSORNO,20,5.78
INGENIERIA COMERCIAL,CONCEPCION,90,5.28
DERECHO,SANTIAGO,10,6.35
DIPLOMADO EN GESTION ESTRATEGICA,OSORNO,10,6.65
TECNOLOGIA MEDICA,CONCEPCION,20,6.1
PEDAGOGIA DE EDUCACION MEDIA EN INGLES,SANTIAGO,70,5.18
PEDAGOGIA DE EDUCACION MEDIA EN HISTORIA Y GEOGRAFIA,PUERTO MONTT,10,6.4
TECNOLOGIA MEDICA,CONCEPCION,80,5.33
PSICOLOGIA,OSORNO,20,6.15
NUTRICION Y DIETETICA,SANTIAGO,60,5.58
FONOAUDIOLOGIA,SANTIAGO,40,5.68
NUTRICION Y DIETETICA,SANTIAGO,30,5.95
FONOAUDIOLOGIA,CONCEPCION,20,5.95
INGENIERIA EN EXPEDICIONES Y ECOTURISMO,SANTIAGO,60,5.35
MEDICINA,SANTIAGO,20,6.03
ENFERMERIA,CONCEPCION,40,5.9
PEDAGOGIA EN EDUCACION DIFERENCIAL,SANTIAGO,60,5.1
FONOAUDIOLOGIA,VALDIVIA,70,5.43
TECNOLOGIA MEDICA,SANTIAGO,10,6.33
ARQUITECTURA,SANTIAGO,80,4.95
TECNICO EN ENFERMERIA,CONCEPCION,80,5.38
ODONTOLOGIA,SANTIAGO,10,6.78
INGENIERIA CIVIL INDUSTRIAL,SANTIAGO,40,6.18
TERAPIA OCUPACIONAL,CONCEPCION,50,5.48
PSICOLOGIA,VALDIVIA,90,5.73
PEDAGOGIA DE EDUCACION MEDIA EN INGLES,SANTIAGO,80,5.2
PEDAGOGIA DE EDUCACION MEDIA EN MATEMATICA,CONCEPCION,20,6.05
PSICOLOGIA,SANTIAGO,100,5.18
BACHILLERATO EN CIENCIAS DE LA SALUD,VALDIVIA,30,5.55
NUTRICION Y DIETETICA,SANTIAGO,100,5.13
PEDAGOGIA EN EDUCACION DIFERENCIAL,OSORNO,40,5.4
INGENIERIA COMERCIAL,SANTIAGO,100,4.88
PEDAGOGIA DE EDUCACION MEDIA EN EDUCACION FISICA,VALDIVIA,80,5.35
NUTRICION Y DIETETICA,CONCEPCION,80,5.45
PSICOLOGIA,PUERTO MONTT,60,5.45
ODONTOLOGIA,SANTIAGO,70,5.33
DIPLOMADO EN INTERVENCION SOCIAL E INVESTIGACION EN FAMILIA,CONCEPCION,50,5.35
BACHILLERATO EN CIENCIAS DE LA SALUD,VALDIVIA,60,5.75
NUTRICION Y DIETETICA,SANTIAGO,60,5.58
PEDAGOGIA EN EDUCACION FISICA,SANTIAGO,50,5.98
PEDAGOGIA DE EDUCACION MEDIA EN EDUCACION FISICA,PUERTO MONTT,70,5.33
PEDAGOGIA DE EDUCACION MEDIA EN EDUCACION FISICA,CONCEPCION,10,6.43
ENFERMERIA,OSORNO,50,5.48
PEDAGOGIA DE EDUCACION MEDIA EN EDUCACION FISICA,SANTIAGO,20,5.33
DERECHO,CONCEPCION,90,5.2
INGENIERIA CIVIL INDUSTRIAL,PUERTO MONTT,90,5.05
PEDAGOGIA DE EDUCACION MEDIA EN INGLES,SANTIAGO,10,6.1
PEDAGOGIA EN EDUCACION MEDIA EN INGLES,VALDIVIA,80,5.05
BACHILLERATO EN CIENCIAS DE LA SALUD,VALDIVIA,60,5.2
PSICOLOGIA,PUERTO MONTT,80,5.33
OBSTETRICIA,CONCEPCION,40,5.85
PEDAGOGIA EN EDUCACION BASICA,PUERTO MONTT,90,5.25
KINESIOLOGIA,PUERTO MONTT,60,5.6
PEDAGOGIA DE EDUCACION MEDIA EN INGLES,SANTIAGO,90,5.05
ODONTOLOGIA,OSORNO,40,5.75
TECNOLOGIA MEDICA,CONCEPCION,90,5.2
BACHILLERATO EN CIENCIAS DE LA SALUD,VALDIVIA,100,5.03
MAGISTER EN GESTION ESTRATEGICA EN SALUD,CONCEPCION,20,6.3
ENFERMERIA,VALDIVIA,70,5.48
KINESIOLOGIA,SANTIAGO,20,5.88
KINESIOLOGIA,SANTIAGO,20,6.08
MEDICINA,PUERTO MONTT,40,6.05
TERAPIA OCUPACIONAL,CONCEPCION,20,6.3
DERECHO,CONCEPCION,10,6.28
NUTRICION Y DIETETICA,CONCEPCION,80,5.53
EDUCACION PARVULARIA,CONCEPCION,70,5.53
KINESIOLOGIA,SANTIAGO,30,5.93
PSICOLOGIA,CONCEPCION,30,6.28
PEDAGOGIA EN EDUCACION BASICA,TALCAHUANO,90,5.0
PEDAGOGIA DE EDUCACION BASICA EN LENGUAJE Y COMUNICACION,VALDIVIA,100,5.23
PEDAGOGIA DE EDUCACION MEDIA EN EDUCACION FISICA,CONCEPCION,100,4.95
FONOAUDIOLOGIA,CONCEPCION,30,6.08
DERECHO,PUERTO MONTT,50,4.87
PEDAGOGIA EN EDUCACION MEDIA EN EDUCACION FISICA,TALCAHUANO,60,5.6
NUTRICION Y DIETETICA,SANTIAGO,90,5.33
QUIMICA Y FARMACIA,CONCEPCION,40,5.93
INGENIERIA COMERCIAL,CONCEPCION,50,5.4
NUTRICION Y DIETETICA,SANTIAGO,90,5.5
PEDAGOGIA DE EDUCACION MEDIA EN INGLES,SANTIAGO,70,5.73
DERECHO,PUERTO MONTT,70,5.23
KINESIOLOGIA,PUERTO MONTT,10,5.27
DERECHO,CONCEPCION,40,5.88
PSICOLOGIA,OSORNO,20,5.73
MEDICINA,CONCEPCION,20,6.53
PEDAGOGIA DE EDUCACION MEDIA EN INGLES,SANTIAGO,30,5.75
DIPLOMADO EN LITIGACION ORAL,PUERTO MONTT,10,6.1
MAGISTER EN GESTION ESTRATEGICA Y EVALUACION DE PROYECTOS,SANTIAGO,60,6.1
DERECHO,OSORNO,100,5.25
MEDICINA,CONCEPCION,30,6.43
INGENIERIA CIVIL,CONCEPCION,50,5.43
TERAPIA OCUPACIONAL,SANTIAGO,80,5.1
PEDAGOGIA DE EDUCACION MEDIA EN EDUCACION FISICA,CONCEPCION,50,6.03
DIPLOMADO DE GESTION EN INOCUIDAD ALIMENTARIA,CONCEPCION,30,5.4
ODONTOLOGIA,CONCEPCION,30,6.15
KINESIOLOGIA,CONCEPCION,70,5.63
MEDICINA,CONCEPCION,20,6.48
OBSTETRICIA,SANTIAGO,100,5.25
PEDAGOGIA EN EDUCACION BASICA,SANTIAGO,20,5.85
ODONTOLOGIA,CONCEPCION,90,5.5
ODONTOLOGIA,CONCEPCION,20,6.28
ODONTOLOGIA,CONCEPCION,80,6.0
INGENIERIA CIVIL,CONCEPCION,60,5.13
PSICOLOGIA,CONCEPCION,10,6.28
ODONTOLOGIA,SANTIAGO,10,6.48
KINESIOLOGIA,CONCEPCION,40,6.13
PEDAGOGIA EN EDUCACION BASICA,CONCEPCION,20,5.8
MEDICINA,PUERTO MONTT,40,5.93
MEDICINA,SANTIAGO,40,6.35
ARQUITECTURA,SANTIAGO,30,5.6
ODONTOLOGIA,SANTIAGO,20,6.18
ODONTOLOGIA,VALDIVIA,90,5.38
ENFERMERIA,SANTIAGO,20,6.28
NUTRICION Y DIETETICA,CONCEPCION,30,5.95
ENFERMERIA,OSORNO,20,5.65
TECNOLOGIA MEDICA,SANTIAGO,20,6.15
ENFERMERIA,SANTIAGO,50,5.83
ARQUITECTURA,SANTIAGO,60,5.08
ARQUITECTURA,PUERTO MONTT,30,5.95
DERECHO,CONCEPCION,50,5.48
KINESIOLOGIA,SANTIAGO,30,5.75
PSICOLOGIA,VALDIVIA,80,5.5
DERECHO,CONCEPCION,70,5.48
DIPLOMADO EN INTERVENCION KINESICA DEL SISTEMA NEUROMUSCULOESQUELETICO DE EXTREMIDADES,CONCEPCION,20,6.53
PEDAGOGIA EN EDUCACION DIFERENCIAL,CONCEPCION,40,5.55
KINESIOLOGIA,OSORNO,100,5.18
MEDICINA,SANTIAGO,20,6.08
POSTITULO EN NECESIDADES EDUCATIVAS ESPECIALES MULTIPLES,CONCEPCION,60,5.45
DERECHO,OSORNO,30,6.0
INGENIERIA CIVIL INDUSTRIAL,CONCEPCION,100,5.25
ODONTOLOGIA,PUERTO MONTT,30,5.95
PEDAGOGIA EN EDUCACION BASICA,CONCEPCION,80,5.45
PEDAGOGIA DE EDUCACION MEDIA EN INGLES,SANTIAGO,70,5.0
PSICOLOGIA,PUERTO MONTT,80,5.43
PEDAGOGIA DE EDUCACION MEDIA EN EDUCACION FISICA,CONCEPCION,70,5.48
OBSTETRICIA,PUERTO MONTT,80,5.1
MEDICINA,SANTIAGO,10,6.53
TERAPIA OCUPACIONAL,SANTIAGO,60,5.35
ODONTOLOGIA,CONCEPCION,20,6.48
NUTRICION Y DIETETICA,SANTIAGO,100,5.0
DERECHO,OSORNO,100,5.1
TECNOLOGIA MEDICA,SANTIAGO,70,5.55
INGENIERIA CIVIL INDUSTRIAL,SANTIAGO,30,5.45
ODONTOLOGIA,VALDIVIA,20,5.95
TECNOLOGIA MEDICA,CONCEPCION,60,5.55
KINESIOLOGIA,SANTIAGO,60,5.6
MAGISTER EN ALTA DIRECCION PUBLICA Y GESTION DE INSTITUCIONES EDUCACIONALES,VALDIVIA,60,5.58
ENFERMERIA,SANTIAGO,10,6.5
OBSTETRICIA,SANTIAGO,40,6.03
INGENIERIA CIVIL INFORMATICA,SANTIAGO,60,5.55
DIPLOMADO EN ENDODONCIA EN MOLARES,CONCEPCION,40,5.75
OBSTETRICIA,PUERTO MONTT,50,5.53
FONOAUDIOLOGIA,PUERTO MONTT,70,5.4
PSICOLOGIA,SANTIAGO,60,5.23
INGENIERIA COMERCIAL,CONCEPCION,50,5.23
LICENCIATURA EN TRABAJO SOCIAL,SANTIAGO,60,5.2
INGENIERIA CIVIL EN BIOTECNOLOGIA,CONCEPCION,30,6.13
EDUCACION PARVULARIA,SANTIAGO,50,5.43
INGENIERIA COMERCIAL,VALDIVIA,50,5.38
NUTRICION Y DIETETICA,PUERTO MONTT,80,5.7
ODONTOLOGIA,SANTIAGO,70,5.68
ODONTOLOGIA,OSORNO,100,5.38
KINESIOLOGIA,SANTIAGO,10,6.48
FONOAUDIOLOGIA,VALDIVIA,70,5.4
MEDICINA VETERINARIA,CONCEPCION,30,5.73
TECNOLOGIA MEDICA,PUERTO MONTT,50,5.55
ENFERMERIA,PUERTO MONTT,50,5.8
PSICOLOGIA,OSORNO,50,5.6
PEDAGOGIA EN EDUCACION BASICA,VALDIVIA,60,5.43
ENFERMERIA,SANTIAGO,10,6.45
PEDAGOGIA DE EDUCACION MEDIA EN INGLES,PUERTO MONTT,40,5.48
INGENIERIA COMERCIAL,SANTIAGO,20,5.43
PEDAGOGIA DE EDUCACION MEDIA EN EDUCACION FISICA,CONCEPCION,90,5.38
INGENIERIA CIVIL INDUSTRIAL,CONCEPCION,90,5.33
BACHILLERATO EN CIENCIAS DE LA SALUD,VALDIVIA,100,4.88
QUIMICA Y FARMACIA,CONCEPCION,40,5.53
BACHILLERATO EN CIENCIAS DE LA SALUD,CONCEPCION,40,5.88
INGENIERIA CIVIL INDUSTRIAL,PUERTO MONTT,90,5.03
DERECHO,VALDIVIA,40,5.1
ENFERMERIA,VALDIVIA,40,5.7
PEDAGOGIA EN EDUCACION DIFERENCIAL,OSORNO,70,5.2
DERECHO,VALDIVIA,90,5.4
PEDAGOGIA DE EDUCACION MEDIA EN INGLES,SANTIAGO,30,5.7
FONOAUDIOLOGIA,SANTIAGO,20,5.93
PEDAGOGIA EN EDUCACION BASICA,VALDIVIA,30,5.55
KINESIOLOGIA,SANTIAGO,80,5.0
PEDAGOGIA DE EDUCACION MEDIA EN EDUCACION FISICA,SANTIAGO,20,5.6
PSICOLOGIA,VALDIVIA,80,5.63
PEDAGOGIA DE EDUCACION MEDIA EN LENGUAJE Y COMUNICACION,SANTIAGO,60,5.3
PSICOLOGIA,VALDIVIA,70,5.78
PEDAGOGIA EN EDUCACION DIFERENCIAL,CONCEPCION,30,6.1
PEDAGOGIA DE EDUCACION BASICA EN LENGUAJE Y COMUNICACION,OSORNO,50,5.55
TERAPIA OCUPACIONAL,CONCEPCION,60,5.48
PEDAGOGIA DE EDUCACION MEDIA EN EDUCACION FISICA,VALDIVIA,90,5.1
KINESIOLOGIA,CONCEPCION,90,5.25
PEDAGOGIA DE EDUCACION BASICA EN LENGUAJE Y COMUNICACION,VALDIVIA,40,5.33
MEDICINA VETERINARIA,PUERTO MONTT,30,5.9
TERAPIA OCUPACIONAL,CONCEPCION,60,5.7
KINESIOLOGIA,PUERTO MONTT,40,6.08
PEDAGOGIA EN EDUCACION FISICA,SANTIAGO,30,5.35
ENFERMERIA,SANTIAGO,60,5.68
DERECHO,SANTIAGO,10,6.13
MEDICINA,CONCEPCION,10,6.35
PEDAGOGIA DE EDUCACION MEDIA EN EDUCACION FISICA,SANTIAGO,80,5.13
PEDAGOGIA EN EDUCACION DIFERENCIAL,CONCEPCION,50,5.7
ODONTOLOGIA,CONCEPCION,20,6.13
MEDICINA VETERINARIA,PUERTO MONTT,10,6.03
PEDAGOGIA DE EDUCACION MEDIA EN INGLES,PUERTO MONTT,30,5.6
LICENCIATURA EN TRABAJO SOCIAL,SANTIAGO,40,5.65
ODONTOLOGIA,SANTIAGO,40,6.08
DERECHO,PUERTO MONTT,40,5.63
PEDAGOGIA DE EDUCACION MEDIA EN EDUCACION FISICA,SANTIAGO,100,4.83
TECNICO EN ENFERMERIA,CONCEPCION,30,6.1
POSTITULO EN EDUCACION DISCAPACIDAD INTELECTUAL E INTEGRACION ESCOLAR,CONCEPCION,40,5.75
PSICOLOGIA,CONCEPCION,90,5.55
ENFERMERIA,PUERTO MONTT,40,5.68
DERECHO,SANTIAGO,90,5.5
PEDAGOGIA EN EDUCACION BASICA,OSORNO,40,6.08
ODONTOLOGIA,CONCEPCION,80,5.65
INGENIERIA COMERCIAL,CONCEPCION,30,5.2
INGENIERIA CIVIL INDUSTRIAL,CONCEPCION,70,5.3
LICENCIATURA EN TRABAJO SOCIAL,CONCEPCION,80,5.33
DERECHO,VALDIVIA,40,5.95
PSICOLOGIA,CONCEPCION,90,5.15
ENFERMERIA,SANTIAGO,20,6.18
DERECHO,VALDIVIA,80,5.4
ODONTOLOGIA,SANTIAGO,20,5.98
KINESIOLOGIA,PUERTO MONTT,50,5.75
PEDAGOGIA EN EDUCACION MEDIA EN EDUCACION FISICA,TALCAHUANO,50,6.1
OBSTETRICIA,SANTIAGO,40,5.95
DERECHO,CONCEPCION,100,5.55
TECNOLOGIA MEDICA,SANTIAGO,10,6.1
BACHILLERATO EN CIENCIAS DE LA SALUD,SANTIAGO,10,5.9
PEDAGOGIA DE EDUCACION MEDIA EN EDUCACION FISICA,PUERTO MONTT,90,4.93
DERECHO,OSORNO,50,5.58
ARQUITECTURA,SANTIAGO,80,5.23
KINESIOLOGIA,CONCEPCION,30,6.0
FONOAUDIOLOGIA,SANTIAGO,90,4.98
PEDAGOGIA EN EDUCACION FISICA,CONCEPCION,70,5.3
BACHILLERATO EN CIENCIAS DE LA SALUD,SANTIAGO,10,6.5
FONOAUDIOLOGIA,SANTIAGO,90,4.93
PSICOLOGIA,SANTIAGO,70,5.5
INGENIERIA COMERCIAL,CONCEPCION,10,6.18
KINESIOLOGIA,CONCEPCION,60,5.78
DERECHO,SANTIAGO,90,5.75
DERECHO,PUERTO MONTT,30,5.93
INGENIERIA CIVIL INDUSTRIAL,CONCEPCION,80,5.53
NUTRICION Y DIETETICA,CONCEPCION,90,5.33
DERECHO,CONCEPCION,100,5.0
INGENIERIA CIVIL INDUSTRIAL,SANTIAGO,20,6.28
"MAGISTER INTERDISCIPLINARIO EN TRASTORNOS COMUNICACION, AUDICION Y LENGUAJE",CONCEPCION,10,6.68
KINESIOLOGIA,CONCEPCION,60,5.53
DERECHO,CONCEPCION,50,5.48
DERECHO,OSORNO,80,5.03
MEDICINA VETERINARIA,CONCEPCION,80,4.58
TECNOLOGIA MEDICA,SANTIAGO,100,4.75
PEDAGOGIA DE EDUCACION MEDIA EN EDUCACION FISICA,CONCEPCION,40,5.6
PEDAGOGIA EN EDUCACION DIFERENCIAL,CONCEPCION,60,5.28
PEDAGOGIA DE EDUCACION MEDIA EN EDUCACION FISICA,SANTIAGO,50,5.35
MAGISTER EN ALTA DIRECCION Y GESTION DE INSTITUCIONES EDUCACIONALES,VALDIVIA,40,5.95
DERECHO,SANTIAGO,60,5.18
NUTRICION Y DIETETICA,SANTIAGO,100,5.1
MAGISTER EN ALTA DIRECCION Y GESTION DE INSTITUCIONES EDUCACIONALES,CONCEPCION,90,5.25
ENFERMERIA,CONCEPCION,40,5.58
NUTRICION Y DIETETICA,PUERTO MONTT,30,5.78
TERAPIA OCUPACIONAL,CONCEPCION,90,5.13
PSICOLOGIA,SANTIAGO,50,5.55
PSICOLOGIA,VALDIVIA,40,5.33
TECNOLOGIA MEDICA,CONCEPCION,50,5.38
PSICOLOGIA,CONCEPCION,60,5.65
DERECHO,SANTIAGO,60,5.55
MEDICINA VETERINARIA,PUERTO MONTT,70,5.28
MEDICINA,PUERTO MONTT,10,6.38
PEDAGOGIA DE EDUCACION MEDIA EN EDUCACION FISICA,VALDIVIA,80,5.03
ENFERMERIA,CONCEPCION,60,5.55
INGENIERIA CIVIL INDUSTRIAL,CONCEPCION,40,5.6
PEDAGOGIA DE EDUCACION MEDIA EN INGLES,SANTIAGO,90,5.1
OBSTETRICIA,PUERTO MONTT,70,5.28
INGENIERIA CIVIL EN BIOTECNOLOGIA,SANTIAGO,50,5.75
KINESIOLOGIA,VALDIVIA,20,5.6
DERECHO,CONCEPCION,50,5.9
KINESIOLOGIA,VALDIVIA,60,5.55
BACHILLERATO EN CIENCIAS DE LA SALUD,CONCEPCION,40,6.18
ENFERMERIA,VALDIVIA,20,5.9
MEDICINA VETERINARIA,CONCEPCION,50,5.23
ENFERMERIA,OSORNO,20,6.15
NUTRICION Y DIETETICA,SANTIAGO,40,5.48
PEDAGOGIA EN EDUCACION DIFERENCIAL,CONCEPCION,80,5.23
PEDAGOGIA EN EDUCACION DIFERENCIAL,SANTIAGO,60,5.25
LICENCIATURA EN TRABAJO SOCIAL,CONCEPCION,30,5.68
ODONTOLOGIA,CONCEPCION,60,5.6
TECNOLOGIA MEDICA,CONCEPCION,30,5.93
INGENIERIA COMERCIAL,SANTIAGO,80,5.25
TECNOLOGIA MEDICA,CONCEPCION,70,5.7
PEDAGOGIA EN EDUCACION DIFERENCIAL,CONCEPCION,80,4.98
ODONTOLOGIA,SANTIAGO,70,5.03
PEDAGOGIA DE EDUCACION MEDIA EN HISTORIA Y CIENCIAS SOCIALES,VALDIVIA,60,5.28
KINESIOLOGIA,PUERTO MONTT,10,5.63
KINESIOLOGIA,OSORNO,80,5.1
PEDAGOGIA EN EDUCACION BASICA,SANTIAGO,60,5.63
TRABAJO SOCIAL,CONCEPCION,80,5.2
MEDICINA,CONCEPCION,10,6.55
KINESIOLOGIA,SANTIAGO,20,5.68
TERAPIA OCUPACIONAL,CONCEPCION,90,5.18
ENFERMERIA,VALDIVIA,20,6.2
NUTRICION Y DIETETICA,VALDIVIA,50,5.45
KINESIOLOGIA,SANTIAGO,70,5.28
ODONTOLOGIA,CONCEPCION,30,6.05
PEDAGOGIA DE EDUCACION MEDIA EN MATEMATICA,SANTIAGO,20,5.93
PEDAGOGIA EN EDUCACION DIFERENCIAL,OSORNO,20,5.95
QUIMICA Y FARMACIA,CONCEPCION,50,5.8
INGENIERIA COMERCIAL,SANTIAGO,50,5.13
ODONTOLOGIA,CONCEPCION,10,6.78
MAGISTER EN ACTIVIDAD FISICA Y DEPORTE,CONCEPCION,90,5.58
PEDAGOGIA DE EDUCACION MEDIA EN EDUCACION FISICA,SANTIAGO,20,5.8
ENFERMERIA,VALDIVIA,10,5.98
DIPLOMADO EN GESTION DEL CUIDADO EN UNIDADES DE PACIENTE CRITICO,PUERTO MONTT,100,5.2
ODONTOLOGIA,PUERTO MONTT,80,5.25
MEDICINA,PUERTO MONTT,40,5.75
TERAPIA OCUPACIONAL,SANTIAGO,100,5.23
INGENIERIA COMERCIAL,CONCEPCION,70,5.03
ODONTOLOGIA,VALDIVIA,70,5.5
PSICOLOGIA,CONCEPCION,90,5.25
DERECHO,CONCEPCION,10,6.28
MEDICINA,CONCEPCION,20,6.3
KINESIOLOGIA,CONCEPCION,60,5.85
DERECHO,CONCEPCION,80,5.38
INGENIERIA COMERCIAL,VALDIVIA,60,5.3
MAGISTER EN ALTA DIRECCION Y GESTION DE INSTITUCIONES EDUCACIONALES,OSORNO,60,5.65
PEDAGOGIA EN EDUCACION DIFERENCIAL,CONCEPCION,100,4.93
PSICOLOGIA,VALDIVIA,90,4.83
DIPLOMADO DE GESTION EN INOCUIDAD ALIMENTARIA,CONCEPCION,10,6.55
PEDAGOGIA DE EDUCACION MEDIA EN EDUCACION FISICA,PUERTO MONTT,50,5.3
FONOAUDIOLOGIA,CONCEPCION,50,5.53
NUTRICION Y DIETETICA,VALDIVIA,40,5.55
QUIMICA Y FARMACIA,CONCEPCION,70,5.25
ARQUITECTURA,SANTIAGO,30,5.9
DERECHO,SANTIAGO,50,5.4
ENFERMERIA,SANTIAGO,10,6.05
FONOAUDIOLOGIA,VALDIVIA,30,5.45
TECNOLOGIA MEDICA,CONCEPCION,10,6.58
BACHILLERATO EN CIENCIAS DE LA SALUD,CONCEPCION,60,5.4
DERECHO,CONCEPCION,70,5.48
MEDICINA,CONCEPCION,10,6.45
ODONTOLOGIA,PUERTO MONTT,50,5.48
INGENIERIA INDUSTRIAL,PUERTO MONTT,70,5.55
INGENIERIA COMERCIAL,SANTIAGO,60,5.73
PSICOLOGIA,CONCEPCION,50,5.48
PEDAGOGIA DE EDUCACION MEDIA EN EDUCACION FISICA,PUERTO MONTT,40,5.63
OBSTETRICIA,CONCEPCION,10,6.23
MEDICINA,PUERTO MONTT,30,6.03
DERECHO,SANTIAGO,30,6.2
INGENIERIA CIVIL,SANTIAGO,40,5.48
INGENIERIA CIVIL,CONCEPCION,40,5.53
TECNICO EN ENFERMERIA,CONCEPCION,40,5.63
QUIMICA Y FARMACIA,CONCEPCION,20,6.03
INGENIERIA COMERCIAL,CONCEPCION,80,5.23
ENFERMERIA,OSORNO,40,5.65
TERAPIA OCUPACIONAL,CONCEPCION,100,5.38
PEDAGOGIA DE EDUCACION MEDIA EN EDUCACION FISICA,PUERTO MONTT,50,5.58
NUTRICION Y DIETETICA,SANTIAGO,70,5.28
KINESIOLOGIA,PUERTO MONTT,20,5.83
PEDAGOGIA EN EDUCACION BASICA,VALDIVIA,90,5.23
INGENIERIA CIVIL INFORMATICA,SANTIAGO,100,4.9
KINESIOLOGIA,CONCEPCION,20,6.23
ENFERMERIA,VALDIVIA,60,5.13
PEDAGOGIA EN EDUCACION FISICA,CONCEPCION,80,5.23
PEDAGOGIA DE EDUCACION MEDIA EN INGLES,CONCEPCION,100,5.05
TERAPIA OCUPACIONAL,CONCEPCION,60,5.13
ODONTOLOGIA,SANTIAGO,50,5.58
INGENIERIA CIVIL PLAN COMUN,CONCEPCION,50,5.38
MAGISTER EN GESTION ESTRATEGICA DE SALUD,CONCEPCION,60,5.55
PERIODISMO,CONCEPCION,90,5.33
PEDAGOGIA DE EDUCACION MEDIA EN EDUCACION FISICA,VALDIVIA,80,5.53
OBSTETRICIA,PUERTO MONTT,20,5.85
DERECHO,CONCEPCION,50,5.83
TERAPIA OCUPACIONAL,CONCEPCION,70,6.33
INGENIERIA CIVIL INDUSTRIAL,SANTIAGO,30,5.53
MEDICINA VETERINARIA,CONCEPCION,60,5.35
DERECHO,SANTIAGO,10,6.03
PEDAGOGIA DE EDUCACION MEDIA EN EDUCACION FISICA,PUERTO MONTT,70,5.3
PEDAGOGIA EN EDUCACION DIFERENCIAL,SANTIAGO,50,5.68
TECNOLOGIA MEDICA,SANTIAGO,80,5.28
PEDAGOGIA EN EDUCACION DIFERENCIAL,SANTIAGO,50,5.8
BACHILLERATO EN CIENCIAS DE LA SALUD,CONCEPCION,90,5.48
KINESIOLOGIA,SANTIAGO,100,4.85
PEDAGOGIA DE EDUCACION MEDIA EN EDUCACION FISICA,CONCEPCION,80,4.83
INGENIERIA COMERCIAL,CONCEPCION,60,5.58
TECNOLOGIA MEDICA,SANTIAGO,40,5.88
NUTRICION Y DIETETICA,SANTIAGO,80,5.93
INGENIERIA EN EXPEDICIONES Y ECOTURISMO,SANTIAGO,50,5.88
INGENIERIA CIVIL,CONCEPCION,20,6.2
PEDAGOGIA EN EDUCACION FISICA,VALDIVIA,100,4.95
MAGISTER EN ALTA DIRECCION Y GESTION DE INSTITUCIONES EDUCACIONALES,OSORNO,70,5.6
NUTRICION Y DIETETICA,VALDIVIA,80,5.2
PSICOLOGIA,VALDIVIA,60,5.48
ODONTOLOGIA,CONCEPCION,40,5.93
INGENIERIA CIVIL INDUSTRIAL,CONCEPCION,70,5.4
PSICOLOGIA,PUERTO MONTT,100,4.95
TERAPIA OCUPACIONAL,CONCEPCION,50,5.85
PSICOLOGIA,CONCEPCION,20,5.78
TECNOLOGIA MEDICA,CONCEPCION,20,6.03
INGENIERIA CIVIL INDUSTRIAL,SANTIAGO,80,5.33
TECNOLOGIA MEDICA,PUERTO MONTT,90,5.28
PEDAGOGIA EN EDUCACION MEDIA EN EDUCACION FISICA,TALCAHUANO,70,5.25
ENFERMERIA,VALDIVIA,70,5.38
PEDAGOGIA EN EDUCACION DIFERENCIAL,VALDIVIA,10,6.55
DERECHO,CONCEPCION,20,5.78
PEDAGOGIA DE EDUCACION MEDIA EN HISTORIA Y GEOGRAFIA,SANTIAGO,60,5.35
FONOAUDIOLOGIA,SANTIAGO,50,5.4
PEDAGOGIA EN EDUCACION BASICA,SANTIAGO,30,5.83
POSTITULO DE ESPECIALIZACION PARA LA EDUCACION BASICA: MATEMATICA,PUERTO MONTT,100,5.15
PEDAGOGIA EN EDUCACION BASICA,VALDIVIA,20,6.2
PEDAGOGIA DE EDUCACION BASICA EN INGLES,SANTIAGO,30,5.38
PERIODISMO,CONCEPCION,90,5.23
PEDAGOGIA DE EDUCACION MEDIA EN EDUCACION FISICA,CONCEPCION,70,5.43
ARQUITECTURA,SANTIAGO,10,5.6
NUTRICION Y DIETETICA,CONCEPCION,40,5.83
PSICOLOGIA,CONCEPCION,70,5.03
ENFERMERIA,VALDIVIA,80,5.2
ENFERMERIA,PUERTO MONTT,30,5.75
ENFERMERIA,PUERTO MONTT,70,5.15
ENFERMERIA,CONCEPCION,50,6.1
PEDAGOGIA EN EDUCACION DIFERENCIAL,CONCEPCION,100,5.25
PEDAGOGIA EN EDUCACION BASICA,VALDIVIA,40,5.8
PEDAGOGIA EN EDUCACION BASICA,VALDIVIA,10,6.15
MEDICINA VETERINARIA,CONCEPCION,50,5.95
DERECHO,CONCEPCION,30,5.68
PEDAGOGIA DE EDUCACION MEDIA EN MATEMATICA,CONCEPCION,40,5.85
PEDAGOGIA DE EDUCACION MEDIA EN MATEMATICA Y COMPUTACION,TALCAHUANO,80,5.45
TECNOLOGIA MEDICA,SANTIAGO,90,5.13
DERECHO,SANTIAGO,50,5.28
ODONTOLOGIA,CONCEPCION,60,5.73
POSTITULO EN MOTRICIDAD INFANTIL,CONCEPCION,100,4.83
QUIMICA Y FARMACIA,CONCEPCION,70,5.43
ENFERMERIA,VALDIVIA,100,5.08
INGENIERIA CIVIL,CONCEPCION,70,5.45
TRABAJO SOCIAL,SANTIAGO,60,5.17
KINESIOLOGIA,SANTIAGO,90,5.43
PSICOLOGIA,PUERTO MONTT,50,5.63
INGENIERIA CIVIL INDUSTRIAL,VALDIVIA,90,5.18
TERAPIA OCUPACIONAL,SANTIAGO,60,5.38
MAGISTER EN ALTA DIRECCION Y GESTION DE INSTITUCIONES EDUCACIONALES,VALDIVIA,60,5.45
MAGISTER EN EJERCICIO FISICO Y SALUD,VALDIVIA,20,5.85
OBSTETRICIA,SANTIAGO,50,5.18
PSICOLOGIA,PUERTO MONTT,100,5.23
FONOAUDIOLOGIA,CONCEPCION,80,5.3
TECNOLOGIA MEDICA,SANTIAGO,60,5.33
NUTRICION Y DIETETICA,CONCEPCION,40,5.85
ENFERMERIA,CONCEPCION,30,6.2
ENFERMERIA,VALDIVIA,30,6.05
BACHILLERATO EN CIENCIAS DE LA SALUD,SANTIAGO,100,5.1
TECNOLOGIA MEDICA,SANTIAGO,10,6.3
LICENCIATURA EN TRABAJO SOCIAL,CONCEPCION,10,5.23
INGENIERIA COMERCIAL,CONCEPCION,40,5.6
PEDAGOGIA EN EDUCACION DIFERENCIAL,CONCEPCION,100,5.15
BACHILLERATO EN CIENCIAS DE LA SALUD,CONCEPCION,20,6.4
INGENIERIA COMERCIAL,SANTIAGO,90,5.25
PSICOLOGIA,SANTIAGO,30,5.2
ARQUITECTURA,CONCEPCION,100,5.1
MAGISTER EN ALTA DIRECCION Y GESTION DE INSTITUCIONES EDUCACIONALES,VALDIVIA,80,5.18
PEDAGOGIA DE EDUCACION MEDIA EN EDUCACION FISICA,CONCEPCION,70,5.3
PSICOLOGIA,SANTIAGO,60,5.33
TECNOLOGIA MEDICA,CONCEPCION,60,5.63
PEDAGOGIA DE EDUCACION BASICA EN LENGUAJE Y COMUNICACION,OSORNO,60,5.43
PEDAGOGIA DE EDUCACION MEDIA EN HISTORIA Y CIENCIAS SOCIALES,CONCEPCION,50,5.73
DERECHO,CONCEPCION,100,5.05
KINESIOLOGIA,VALDIVIA,70,5.4
PEDAGOGIA DE EDUCACION MEDIA EN EDUCACION FISICA,PUERTO MONTT,70,5.45
PEDAGOGIA DE EDUCACION MEDIA EN MATEMATICA,OSORNO,70,5.65
TECNOLOGIA MEDICA,CONCEPCION,40,5.93
INGENIERIA CIVIL INDUSTRIAL,CONCEPCION,20,5.43
TECNOLOGIA MEDICA,CONCEPCION,60,5.6
ARQUITECTURA,CONCEPCION,40,5.28
ENFERMERIA,CONCEPCION,90,5.15
PSICOLOGIA,OSORNO,30,5.43
MAGISTER EN GESTION ESTRATEGICA Y EVALUACION DE PROYECTOS,SANTIAGO,90,5.08
PEDAGOGIA DE EDUCACION BASICA EN LENGUAJE Y COMUNICACION,OSORNO,90,5.2
"MAGISTER EN DERECHO PENAL, DERECHO PROCESAL PENAL Y LITIGACION ORAL",PUERTO MONTT,60,5.8
DERECHO,CONCEPCION,60,5.25
EDUCACION PARVULARIA,TALCAHUANO,50,5.43
PEDAGOGIA DE EDUCACION MEDIA EN EDUCACION FISICA,CONCEPCION,90,5.1
MAGISTER EN GESTION ESTRATEGICA Y EVALUACION DE PROYECTOS,CONCEPCION,60,5.33
INGENIERIA EN EXPEDICIONES Y ECOTURISMO,SANTIAGO,50,5.35
INGENIERIA COMERCIAL,SANTIAGO,70,5.4
TECNOLOGIA MEDICA,SANTIAGO,20,6.18
KINESIOLOGIA,PUERTO MONTT,70,5.2
INGENIERIA COMERCIAL,PUERTO MONTT,70,5.2
KINESIOLOGIA,CONCEPCION,40,5.58
INGENIERIA CIVIL,CONCEPCION,60,5.88
PSICOLOGIA,CONCEPCION,80,5.08
BIOQUIMICA,SANTIAGO,20,6.23
FONOAUDIOLOGIA,CONCEPCION,90,5.38
PSICOLOGIA,CONCEPCION,90,5.6
BACHILLERATO EN CIENCIAS DE LA SALUD,CONCEPCION,50,5.58
ENFERMERIA,CONCEPCION,20,6.05
NUTRICION Y DIETETICA,SANTIAGO,70,5.4
NUTRICION Y DIETETICA,SANTIAGO,90,4.9
PEDAGOGIA EN EDUCACION DIFERENCIAL,VALDIVIA,90,5.28
PEDAGOGIA EN EDUCACION DIFERENCIAL,SANTIAGO,50,5.65
KINESIOLOGIA,SANTIAGO,30,5.53
PSICOLOGIA,SANTIAGO,90,5.4
FONOAUDIOLOGIA,CONCEPCION,40,5.83
PEDAGOGIA EN EDUCACION FISICA,CONCEPCION,50,5.13
PEDAGOGIA EN EDUCACION DIFERENCIAL,SANTIAGO,70,5.0
ENFERMERIA,PUERTO MONTT,60,5.68
QUIMICA Y FARMACIA,SANTIAGO,20,5.83
DERECHO,CONCEPCION,30,5.78
PEDAGOGIA EN EDUCACION DIFERENCIAL,CONCEPCION,10,6.25
MAGISTER EN GESTION ESTRATEGICA Y EVALUACION DE PROYECTOS,SANTIAGO,10,6.0
TERAPIA OCUPACIONAL,CONCEPCION,20,6.03
NUTRICION Y DIETETICA,SANTIAGO,60,5.35
NUTRICION Y DIETETICA,SANTIAGO,60,5.38
POSTITULO EN NECESIDADES EDUCATIVAS MULTIPLES,PUERTO MONTT,70,5.2
PEDAGOGIA EN EDUCACION DIFERENCIAL,CONCEPCION,90,5.45
PEDAGOGIA EN EDUCACION DIFERENCIAL,CONCEPCION,60,5.75
PEDAGOGIA DE EDUCACION MEDIA EN MATEMATICA Y COMPUTACION,TALCAHUANO,90,5.25
ENFERMERIA,SANTIAGO,40,5.78
INGENIERIA EN ADMINISTRACION DE EMPRESAS,SANTIAGO,20,5.73
KINESIOLOGIA,SANTIAGO,20,5.65
DERECHO,CONCEPCION,40,6.0
BACHILLERATO EN CIENCIAS DE LA SALUD,SANTIAGO,40,5.58
TECNOLOGIA MEDICA,SANTIAGO,30,5.75
ENFERMERIA,OSORNO,50,5.68
MAGISTER EN EJERCICIO FISICO Y SALUD,VALDIVIA,30,6.0
INGENIERIA CIVIL EN MINAS,SANTIAGO,10,5.93
KINESIOLOGIA,PUERTO MONTT,30,5.75
DOCTORADO EN HISTORIA,SANTIAGO,100,5.45
KINESIOLOGIA,CONCEPCION,50,5.83
MAGISTER EN GESTION ESTRATEGICA DE SALUD,CONCEPCION,40,5.85
PEDAGOGIA EN EDUCACION DIFERENCIAL,CONCEPCION,60,5.4
PEDAGOGIA EN EDUCACION BASICA,OSORNO,80,5.5
ENFERMERIA,OSORNO,50,5.63
PEDAGOGIA DE EDUCACION MEDIA EN LENGUAJE Y COMUNICACION,SANTIAGO,50,5.63
MEDICINA VETERINARIA,CONCEPCION,70,5.68
PEDAGOGIA DE EDUCACION MEDIA EN INGLES,SANTIAGO,20,5.65
INGENIERIA EN EXPEDICIONES Y ECOTURISMO,SANTIAGO,60,5.48
INGENIERIA CIVIL INDUSTRIAL,CONCEPCION,100,5.18
ENFERMERIA,SANTIAGO,70,5.63
ODONTOLOGIA,SANTIAGO,30,5.83
QUIMICA Y FARMACIA,SANTIAGO,60,5.63
TECNOLOGIA MEDICA,CONCEPCION,30,6.03
MEDICINA,PUERTO MONTT,10,6.33
INGENIERIA COMERCIAL,VALDIVIA,80,5.68
PEDAGOGIA EN EDUCACION BASICA,SANTIAGO,70,5.0
TECNOLOGIA MEDICA,CONCEPCION,60,5.3
TECNOLOGIA MEDICA,SANTIAGO,20,5.98
INGENIERIA EN EXPEDICIONES Y ECOTURISMO,SANTIAGO,100,5.1
PEDAGOGIA EN EDUCACION BASICA,SANTIAGO,60,5.25
FONOAUDIOLOGIA,SANTIAGO,80,5.08
DIPLOMADO EN LITIGACION ORAL,PUERTO MONTT,10,6.28
PEDAGOGIA DE EDUCACION MEDIA EN EDUCACION FISICA,CONCEPCION,100,4.98
INGENIERIA COMERCIAL,SANTIAGO,20,5.65
PEDAGOGIA DE EDUCACION MEDIA EN MATEMATICA,CONCEPCION,100,4.95
ENFERMERIA,SANTIAGO,30,5.98
MAGISTER EN GESTION ESTRATEGICA Y EVALUACION DE PROYECTOS,VALDIVIA,20,5.93
PEDAGOGIA DE EDUCACION MEDIA EN INGLES,SANTIAGO,90,5.18
PSICOLOGIA,SANTIAGO,10,5.65
NUTRICION Y DIETETICA,SANTIAGO,40,5.7
INGENIERIA CIVIL INDUSTRIAL,SANTIAGO,60,5.83
INGENIERIA EN ADMINISTRACION DE EMPRESAS,SANTIAGO,100,4.7
ENFERMERIA,SANTIAGO,40,5.88
OBSTETRICIA,PUERTO MONTT,90,5.3
EDUCACION PARVULARIA,CONCEPCION,80,5.6
PSICOLOGIA,VALDIVIA,30,6.0
MAGISTER EN GESTION ESTRATEGICA Y EVALUACION DE PROYECTOS,SANTIAGO,70,5.6
TERAPIA OCUPACIONAL,CONCEPCION,30,6.03
PEDAGOGIA EN EDUCACION BASICA,CONCEPCION,30,5.8
INGENIERIA COMERCIAL,CONCEPCION,100,5.03
PEDAGOGIA DE EDUCACION MEDIA EN EDUCACION FISICA,OSORNO,70,5.4
PEDAGOGIA EN EDUCACION BASICA,SANTIAGO,80,4.8
TECNOLOGIA MEDICA,CONCEPCION,40,5.63
PSICOLOGIA,CONCEPCION,20,6.05
DERECHO,SANTIAGO,20,5.43
INGENIERIA COMERCIAL,SANTIAGO,50,5.78
PEDAGOGIA EN EDUCACION DIFERENCIAL,CONCEPCION,80,5.18
ENFERMERIA,SANTIAGO,30,5.83
ENFERMERIA,VALDIVIA,60,5.48
ARQUITECTURA,SANTIAGO,50,5.25
ENFERMERIA,PUERTO MONTT,20,6.18
MEDICINA,CONCEPCION,30,6.4
PSICOLOGIA,CONCEPCION,20,6.08
BACHILLERATO EN CIENCIAS DE LA SALUD,SANTIAGO,90,5.28
PEDAGOGIA EN EDUCACION BASICA,SANTIAGO,80,4.83
OBSTETRICIA,SANTIAGO,20,5.53
PEDAGOGIA DE EDUCACION MEDIA EN INGLES,PUERTO MONTT,10,6.53
BACHILLERATO EN CIENCIAS DE LA SALUD,CONCEPCION,90,5.08
PSICOLOGIA,VALDIVIA,100,5.08
ENFERMERIA,SANTIAGO,40,5.75
ENFERMERIA,PUERTO MONTT,50,5.6
INGENIERIA EN EXPEDICIONES Y ECOTURISMO,SANTIAGO,60,5.35
DERECHO,CONCEPCION,50,5.7
INGENIERIA EN ENERGIA Y SUSTENTABILIDAD AMBIENTAL,SANTIAGO,30,5.7
NUTRICION Y DIETETICA,SANTIAGO,90,5.35
PEDAGOGIA DE EDUCACION MEDIA EN EDUCACION FISICA,SANTIAGO,80,5.0
PEDAGOGIA DE EDUCACION MEDIA EN MATEMATICA Y COMPUTACION,CONCEPCION,10,6.6
NUTRICION Y DIETETICA,CONCEPCION,50,5.7
INGENIERIA CIVIL INDUSTRIAL,PUERTO MONTT,60,5.23
PSICOLOGIA,CONCEPCION,60,5.23
MAGISTER EN GESTION ESTRATEGICA Y EVALUACION DE PROYECTOS,CONCEPCION,100,5.18
MEDICINA VETERINARIA,CONCEPCION,90,5.33
DIPLOMADO EN FARMACOEPIDEMIOLOGIA,CONCEPCION,30,5.75
TECNOLOGIA MEDICA,CONCEPCION,30,5.65
DERECHO,VALDIVIA,90,4.93
ODONTOLOGIA,CONCEPCION,30,6.28
TECNOLOGIA MEDICA,SANTIAGO,20,6.23
DERECHO,SANTIAGO,80,5.18
INGENIERIA CIVIL INDUSTRIAL,SANTIAGO,60,5.43
DERECHO,PUERTO MONTT,20,6.2
POSTITULO EN MOTRICIDAD INFANTIL,CONCEPCION,80,5.18
TECNOLOGIA MEDICA,SANTIAGO,30,5.7
INGENIERIA CIVIL INDUSTRIAL,SANTIAGO,30,5.73
DERECHO,CONCEPCION,60,5.48
MEDICINA,SANTIAGO,40,6.1
KINESIOLOGIA,VALDIVIA,60,5.55
ODONTOLOGIA,OSORNO,20,6.03
BACHILLERATO EN CIENCIAS DE LA SALUD,VALDIVIA,30,5.13
PEDAGOGIA DE EDUCACION MEDIA EN MATEMATICA,SANTIAGO,70,5.48
QUIMICA Y FARMACIA,PUERTO MONTT,20,5.83
PEDAGOGIA EN EDUCACION DIFERENCIAL,SANTIAGO,60,5.3
INGENIERIA CIVIL INDUSTRIAL,SANTIAGO,30,5.75
ODONTOLOGIA,CONCEPCION,40,5.45
DERECHO,OSORNO,30,5.55
TERAPIA OCUPACIONAL,SANTIAGO,100,4.88
PEDAGOGIA DE EDUCACION MEDIA EN EDUCACION FISICA,SANTIAGO,30,5.88
MEDICINA,CONCEPCION,10,6.53
TECNOLOGIA MEDICA,CONCEPCION,20,5.95
PEDAGOGIA EN EDUCACION BASICA,SANTIAGO,40,5.25
CONTADOR AUDITOR,SANTIAGO,10,6.08
BACHILLERATO EN CIENCIAS DE LA SALUD,CONCEPCION,40,5.45
DIPLOMADO EN REHABILITACION SOBRE IMPLANTES,SANTIAGO,40,5.98
ENFERMERIA,CONCEPCION,10,5.75
DIPLOMADO FONOAUDIOLOGIA EN EL CONTEXTO ESCOLAR: UNA PERSPECTIVA EDUCATIVA E INCLUSIVA,SANTIAGO,30,5.93
MEDICINA VETERINARIA,CONCEPCION,70,5.33
PEDAGOGIA EN EDUCACION DIFERENCIAL,SANTIAGO,50,5.6
ARQUITECTURA,SANTIAGO,100,5.0
DERECHO,CONCEPCION,60,5.58
PEDAGOGIA DE EDUCACION MEDIA EN INGLES,CONCEPCION,80,5.38
ODONTOLOGIA,SANTIAGO,40,6.33
INGENIERIA COMERCIAL,VALDIVIA,50,5.35
PSICOLOGIA,SANTIAGO,30,5.15
NUTRICION Y DIETETICA,VALDIVIA,60,5.68
TECNOLOGIA MEDICA,CONCEPCION,30,5.65
NUTRICION Y DIETETICA,CONCEPCION,60,5.55
ENFERMERIA,CONCEPCION,20,5.93
PEDAGOGIA DE EDUCACION MEDIA EN MATEMATICA,SANTIAGO,90,5.08
QUIMICA Y FARMACIA,CONCEPCION,20,5.88
DERECHO,VALDIVIA,80,5.45
INGENIERIA COMERCIAL,VALDIVIA,90,5.25
ODONTOLOGIA,SANTIAGO,20,5.53
PEDAGOGIA DE EDUCACION BASICA EN MATEMATICA,CONCEPCION,40,5.48
ARQUITECTURA,CONCEPCION,70,5.53
FONOAUDIOLOGIA,VALDIVIA,70,5.3
TECNOLOGIA MEDICA,CONCEPCION,70,5.4
PEDAGOGIA EN EDUCACION DIFERENCIAL,CONCEPCION,10,6.13
ENFERMERIA,CONCEPCION,50,6.03
FONOAUDIOLOGIA,CONCEPCION,60,5.83
PEDAGOGIA DE EDUCACION MEDIA EN INGLES,SANTIAGO,90,5.55
MEDICINA VETERINARIA,CONCEPCION,60,4.97
PEDAGOGIA DE EDUCACION BASICA EN LENGUAJE Y COMUNICACION,SANTIAGO,90,5.2
ENFERMERIA,VALDIVIA,40,5.88
PEDAGOGIA DE EDUCACION MEDIA EN EDUCACION FISICA,CONCEPCION,100,5.0
DERECHO,CONCEPCION,40,5.53
BACHILLERATO EN CIENCIAS DE LA SALUD,CONCEPCION,80,4.9
DERECHO,CONCEPCION,90,5.18
TECNOLOGIA MEDICA,CONCEPCION,60,5.95
PEDAGOGIA EN EDUCACION BASICA,CONCEPCION,100,5.05
TERAPIA OCUPACIONAL,CONCEPCION,20,5.93
INGENIERIA CIVIL INDUSTRIAL,CONCEPCION,10,6.28
INGENIERIA CIVIL,CONCEPCION,10,6.55
INGENIERIA COMERCIAL,CONCEPCION,70,5.08
TECNOLOGIA MEDICA,SANTIAGO,90,5.15
PEDAGOGIA EN HISTORIA Y CIENCIAS SOCIALES,CONCEPCION,60,5.38
INGENIERIA CIVIL INDUSTRIAL,SANTIAGO,70,5.35
DERECHO,SANTIAGO,90,5.1
INGENIERIA CIVIL INFORMATICA,SANTIAGO,50,6.03
ARQUITECTURA,CONCEPCION,80,5.23
INGENIERIA CIVIL INDUSTRIAL,SANTIAGO,40,5.48
DERECHO,VALDIVIA,90,5.28
NUTRICION Y DIETETICA,VALDIVIA,50,5.75
DERECHO,SANTIAGO,70,5.15
ODONTOLOGIA,SANTIAGO,10,6.08
ENFERMERIA,VALDIVIA,50,5.43
MAGISTER EN ALTA DIRECCION Y GESTION DE INSTITUCIONES EDUCACIONALES,OSORNO,60,5.25
ENFERMERIA,PUERTO MONTT,100,5.13
INGENIERIA EN ADMINISTRACION DE EMPRESAS,SANTIAGO,60,5.15
ENFERMERIA,PUERTO MONTT,70,5.5
TECNOLOGIA MEDICA,SANTIAGO,50,5.17
TERAPIA OCUPACIONAL,SANTIAGO,100,5.2
PSICOLOGIA,CONCEPCION,20,6.35
KINESIOLOGIA,VALDIVIA,10,6.0
PEDAGOGIA EN EDUCACION BASICA,OSORNO,30,5.3
POSTITULO DE ESPECIALIZACION PARA LA EDUCACION BASICA: MATEMATICA,CONCEPCION,10,5.65
KINESIOLOGIA,CONCEPCION,60,5.53
INGENIERIA CIVIL INDUSTRIAL,VALDIVIA,10,6.48
BACHILLERATO EN CIENCIAS DE LA SALUD,SANTIAGO,20,6.15
KINESIOLOGIA,SANTIAGO,80,5.48
FONOAUDIOLOGIA,VALDIVIA,20,6.18
INGENIERIA CIVIL INFORMATICA,SANTIAGO,90,5.38
DIPLOMADO DE EMERGENCIA Y PACIENTE CRITICO,CONCEPCION,10,6.25
ENFERMERIA,CONCEPCION,40,5.58
PSICOLOGIA,VALDIVIA,20,6.05
PEDAGOGIA EN EDUCACION DIFERENCIAL,VALDIVIA,40,5.7
DERECHO,SANTIAGO,30,5.88
ARQUITECTURA,CONCEPCION,60,5.68
MEDICINA,CONCEPCION,10,6.48
TERAPIA OCUPACIONAL,SANTIAGO,50,5.8
BACHILLERATO EN CIENCIAS DE LA SALUD,CONCEPCION,60,5.58
KINESIOLOGIA,CONCEPCION,80,5.28
INGENIERIA CIVIL INDUSTRIAL,PUERTO MONTT,10,6.25
PEDAGOGIA DE EDUCACION MEDIA EN INGLES,VALDIVIA,20,6.25
INGENIERIA COMERCIAL,CONCEPCION,20,5.53
PSICOLOGIA,PUERTO MONTT,40,5.53
KINESIOLOGIA,SANTIAGO,50,5.28
NUTRICION Y DIETETICA,VALDIVIA,70,5.33
PSICOLOGIA,SANTIAGO,30,5.98
OBSTETRICIA,SANTIAGO,50,5.43
MEDICINA,PUERTO MONTT,10,6.55
DERECHO,PUERTO MONTT,50,5.6
EDUCACION PARVULARIA,CONCEPCION,90,5.23
ENFERMERIA,PUERTO MONTT,70,5.13
PEDAGOGIA DE EDUCACION MEDIA EN INGLES,CONCEPCION,90,4.93
ENFERMERIA,PUERTO MONTT,40,5.83
NUTRICION Y DIETETICA,CONCEPCION,30,6.23
ODONTOLOGIA,SANTIAGO,70,5.85
PEDAGOGIA DE EDUCACION MEDIA EN INGLES,VALDIVIA,80,5.45
ENFERMERIA,OSORNO,100,4.85
ODONTOLOGIA,OSORNO,30,5.98
TECNOLOGIA MEDICA,SANTIAGO,20,5.98
FONOAUDIOLOGIA,SANTIAGO,20,5.93
MEDICINA VETERINARIA,PUERTO MONTT,40,5.75
PEDAGOGIA EN EDUCACION DIFERENCIAL,CONCEPCION,60,5.48
MEDICINA,PUERTO MONTT,20,6.38
INGENIERIA EN EXPEDICIONES Y ECOTURISMO,SANTIAGO,20,6.68
PEDAGOGIA DE EDUCACION MEDIA EN HISTORIA Y CIENCIAS SOCIALES,CONCEPCION,40,6.13
BACHILLERATO EN CIENCIAS DE LA SALUD,SANTIAGO,70,5.68
PSICOLOGIA,PUERTO MONTT,80,5.33
ENFERMERIA,SANTIAGO,20,6.08
PEDAGOGIA EN EDUCACION BASICA,OSORNO,100,5.18
MEDICINA VETERINARIA,PUERTO MONTT,50,5.95
FONOAUDIOLOGIA,SANTIAGO,80,5.5
FONOAUDIOLOGIA,VALDIVIA,30,5.75
PEDAGOGIA EN EDUCACION DIFERENCIAL,PUERTO MONTT,20,5.93
KINESIOLOGIA,VALDIVIA,70,5.2
ENFERMERIA,CONCEPCION,100,5.05
ENFERMERIA,CONCEPCION,40,5.4
DERECHO,CONCEPCION,90,5.65
INGENIERIA CIVIL INDUSTRIAL,SANTIAGO,20,5.8
PSICOLOGIA,CONCEPCION,90,5.5
INGENIERIA CIVIL INDUSTRIAL,SANTIAGO,10,6.3
INGENIERIA CIVIL INDUSTRIAL,SANTIAGO,100,5.25
INGENIERIA COMERCIAL,SANTIAGO,90,4.98
TECNICO EN ENFERMERIA,CONCEPCION,80,5.28
PEDAGOGIA DE EDUCACION MEDIA EN INGLES,PUERTO MONTT,60,5.1
DIPLOMADO EN GESTION ESTRATEGICA,OSORNO,20,6.2
TECNOLOGIA MEDICA,SANTIAGO,80,5.28
ARQUITECTURA,PUERTO MONTT,40,5.88
PEDAGOGIA DE EDUCACION MEDIA EN INGLES,PUERTO MONTT,30,5.48
FONOAUDIOLOGIA,SANTIAGO,70,5.5
DERECHO,SANTIAGO,30,6.08
FONOAUDIOLOGIA,CONCEPCION,70,5.38
INGENIERIA CIVIL EN BIOTECNOLOGIA,CONCEPCION,40,6.15
PEDAGOGIA DE EDUCACION MEDIA EN INGLES,PUERTO MONTT,30,5.88
TERAPIA OCUPACIONAL,CONCEPCION,60,5.93
PEDAGOGIA EN EDUCACION MEDIA EN INGLES,CONCEPCION,40,5.18
PEDAGOGIA EN EDUCACION DIFERENCIAL,VALDIVIA,80,5.2
DIPLOMADO EN GESTION ESTRATEGICA,SANTIAGO,60,5.93
ENFERMERIA,VALDIVIA,30,5.65
INGENIERIA COMERCIAL,SANTIAGO,30,5.63
PEDAGOGIA DE EDUCACION MEDIA EN INGLES,SANTIAGO,80,5.33
FONOAUDIOLOGIA,CONCEPCION,70,5.68
ODONTOLOGIA,SANTIAGO,60,5.5
KINESIOLOGIA,OSORNO,60,5.48
INGENIERIA CIVIL INDUSTRIAL,CONCEPCION,60,5.63
PEDAGOGIA DE EDUCACION MEDIA EN EDUCACION FISICA,SANTIAGO,80,5.68
POSTITULO DE ESPECIALIZACION ODONTOLOGICA EN ENDODONCIA,VALDIVIA,10,6.3
NUTRICION Y DIETETICA,CONCEPCION,30,5.85
DERECHO,PUERTO MONTT,100,5.35
INGENIERIA CIVIL,CONCEPCION,40,5.2
DERECHO,SANTIAGO,30,5.58
PEDAGOGIA DE EDUCACION BASICA EN MATEMATICA,CONCEPCION,70,5.43
KINESIOLOGIA,VALDIVIA,70,5.4
KINESIOLOGIA,PUERTO MONTT,30,6.1
KINESIOLOGIA,VALDIVIA,90,5.5
MAGISTER EN GESTION ESTRATEGICA Y EVALUACION DE PROYECTOS,VALDIVIA,70,5.65
MEDICINA VETERINARIA,CONCEPCION,40,5.7
FONOAUDIOLOGIA,CONCEPCION,20,5.6
CIENCIAS POLITICAS Y GESTION PUBLICA,CONCEPCION,20,5.9
MEDICINA,PUERTO MONTT,10,6.55
PEDAGOGIA DE EDUCACION MEDIA EN EDUCACION FISICA,CONCEPCION,80,5.35
KINESIOLOGIA,CONCEPCION,20,6.1
FONOAUDIOLOGIA,CONCEPCION,70,5.4
PEDAGOGIA DE EDUCACION MEDIA EN EDUCACION FISICA,CONCEPCION,90,5.05
MEDICINA,PUERTO MONTT,10,6.68
ENFERMERIA,VALDIVIA,70,5.38
FONOAUDIOLOGIA,VALDIVIA,40,5.83
INGENIERIA COMERCIAL,SANTIAGO,60,5.58
FONOAUDIOLOGIA,CONCEPCION,60,5.5
TECNOLOGIA MEDICA,CONCEPCION,90,5.45
DIPLOMADO EN REINTEGRO DEPORTIVO,SANTIAGO,50,5.9
DIPLOMADO EN GESTION DEL CUIDADO EN UNIDADES DE PACIENTE CRITICO,PUERTO MONTT,20,6.2
PEDAGOGIA EN EDUCACION DIFERENCIAL,VALDIVIA,50,5.6
KINESIOLOGIA,PUERTO MONTT,40,5.9
PEDAGOGIA DE EDUCACION MEDIA EN HISTORIA Y GEOGRAFIA,CONCEPCION,50,5.38
TERAPIA OCUPACIONAL,SANTIAGO,80,5.13
PEDAGOGIA DE EDUCACION MEDIA EN HISTORIA Y CIENCIAS SOCIALES,CONCEPCION,100,4.88
PEDAGOGIA EN EDUCACION DIFERENCIAL,CONCEPCION,50,5.73
INGENIERIA CIVIL EN MINAS,SANTIAGO,80,4.85
BACHILLERATO EN CIENCIAS DE LA SALUD,CONCEPCION,20,5.95
TECNOLOGIA MEDICA,SANTIAGO,60,5.38
"MAGISTER EN DERECHO PENAL, DERECHO PROCESAL PENAL Y LITIGACION ORAL",PUERTO MONTT,60,5.8
ODONTOLOGIA,SANTIAGO,30,5.83
PEDAGOGIA DE EDUCACION BASICA EN INGLES,CONCEPCION,80,4.95
QUIMICA Y FARMACIA,SANTIAGO,100,5.08
PEDAGOGIA DE EDUCACION MEDIA EN INGLES,VALDIVIA,20,5.95
FONOAUDIOLOGIA,SANTIAGO,90,5.43
DERECHO,PUERTO MONTT,60,5.35
NUTRICION Y DIETETICA,PUERTO MONTT,40,5.68
TRABAJO SOCIAL,CONCEPCION,50,5.5
NUTRICION Y DIETETICA,PUERTO MONTT,10,6.08
BACHILLERATO EN CIENCIAS DE LA SALUD,CONCEPCION,50,5.43
MAGISTER EN GESTION ESTRATEGICA Y EVALUACION DE PROYECTOS,SANTIAGO,60,5.15
DIPLOMADO ENDODONCIA CLINICA: PREPARACION MECANIZADA,SANTIAGO,30,6.13
PEDAGOGIA DE EDUCACION MEDIA EN EDUCACION FISICA,VALDIVIA,70,5.35
NUTRICION Y DIETETICA,SANTIAGO,90,5.5
ODONTOLOGIA,SANTIAGO,50,5.73
DERECHO,CONCEPCION,70,5.48
BACHILLERATO EN CIENCIAS DE LA SALUD,VALDIVIA,40,6.03
PEDAGOGIA DE EDUCACION MEDIA EN EDUCACION FISICA,PUERTO MONTT,90,5.2
MEDICINA,PUERTO MONTT,30,6.08
KINESIOLOGIA,VALDIVIA,90,5.28
ENFERMERIA,SANTIAGO,10,5.53
MEDICINA VETERINARIA,CONCEPCION,10,6.23
FONOAUDIOLOGIA,CONCEPCION,30,5.73
BACHILLERATO EN CIENCIAS DE LA SALUD,CONCEPCION,60,5.75
PEDAGOGIA DE EDUCACION MEDIA EN INGLES,CONCEPCION,20,5.43
KINESIOLOGIA,CONCEPCION,80,5.6
ODONTOLOGIA,CONCEPCION,60,6.08
PEDAGOGIA DE EDUCACION BASICA EN LENGUAJE Y COMUNICACION,OSORNO,50,5.53
MEDICINA,SANTIAGO,30,6.15
PSICOLOGIA,VALDIVIA,50,5.45
PSICOLOGIA,CONCEPCION,60,5.13
MEDICINA,CONCEPCION,50,6.35
ENFERMERIA,CONCEPCION,10,6.0
ENFERMERIA,VALDIVIA,20,6.03
KINESIOLOGIA,CONCEPCION,30,5.98
DERECHO,VALDIVIA,80,5.3
KINESIOLOGIA,VALDIVIA,50,5.98
TRABAJO SOCIAL,SANTIAGO,50,5.33
TERAPIA OCUPACIONAL,SANTIAGO,10,6.18
ODONTOLOGIA,PUERTO MONTT,70,5.75
PEDAGOGIA DE EDUCACION MEDIA EN LENGUAJE Y COMUNICACION,SANTIAGO,30,5.73
ENFERMERIA,OSORNO,90,5.25
PEDAGOGIA DE EDUCACION MEDIA EN EDUCACION FISICA,CONCEPCION,20,5.85
TERAPIA OCUPACIONAL,CONCEPCION,90,5.15
PEDAGOGIA DE EDUCACION MEDIA EN INGLES,SANTIAGO,30,5.48
INGENIERIA COMERCIAL,CONCEPCION,50,5.9
ENFERMERIA,CONCEPCION,80,5.38
DERECHO,CONCEPCION,50,5.88
POSTITULO EN NECESIDADES EDUCATIVAS MULTIPLES,OSORNO,60,5.5
ENFERMERIA,SANTIAGO,60,5.8
KINESIOLOGIA,SANTIAGO,40,5.95
PSICOLOGIA,CONCEPCION,40,5.73
NUTRICION Y DIETETICA,CONCEPCION,60,5.33
PEDAGOGIA DE EDUCACION MEDIA EN HISTORIA Y CIENCIAS SOCIALES,CONCEPCION,20,5.3
TECNOLOGIA MEDICA,SANTIAGO,30,5.67
PEDAGOGIA DE EDUCACION MEDIA EN EDUCACION FISICA,VALDIVIA,100,4.53
INGENIERIA COMERCIAL,SANTIAGO,70,6.28
PEDAGOGIA EN EDUCACION DIFERENCIAL,VALDIVIA,80,5.23
NUTRICION Y DIETETICA,SANTIAGO,20,5.7
TECNOLOGIA MEDICA,CONCEPCION,30,5.78
PEDAGOGIA DE EDUCACION MEDIA EN MATEMATICA,CONCEPCION,30,6.18
INGENIERIA COMERCIAL,VALDIVIA,100,5.15
ENFERMERIA,CONCEPCION,80,5.65
TERAPIA OCUPACIONAL,CONCEPCION,50,5.78
TECNOLOGIA MEDICA,SANTIAGO,10,6.03
FONOAUDIOLOGIA,VALDIVIA,90,5.28
MEDICINA VETERINARIA,CONCEPCION,90,5.48
INGENIERIA CIVIL INFORMATICA,SANTIAGO,90,5.25
KINESIOLOGIA,PUERTO MONTT,20,5.8
ENFERMERIA,CONCEPCION,50,5.95
INGENIERIA CIVIL EN MINAS,SANTIAGO,50,5.18
ARQUITECTURA,PUERTO MONTT,20,6.18
PSICOLOGIA,CONCEPCION,40,5.95
BIOQUIMICA,CONCEPCION,30,5.88
ODONTOLOGIA,CONCEPCION,20,6.43
DERECHO,VALDIVIA,30,6.1
KINESIOLOGIA,SANTIAGO,20,6.18
INGENIERIA COMERCIAL,SANTIAGO,40,5.38
INGENIERIA COMERCIAL,CONCEPCION,80,5.33
TECNOLOGIA MEDICA,CONCEPCION,60,5.43
DERECHO,CONCEPCION,20,5.48
PEDAGOGIA DE EDUCACION MEDIA EN HISTORIA Y GEOGRAFIA,SANTIAGO,80,5.13
QUIMICA Y FARMACIA,CONCEPCION,60,5.3
INGENIERIA CIVIL INDUSTRIAL,CONCEPCION,60,5.33
PSICOLOGIA,OSORNO,30,5.73
INGENIERIA COMERCIAL,SANTIAGO,60,5.75
TECNOLOGIA MEDICA,SANTIAGO,100,5.28
KINESIOLOGIA,CONCEPCION,50,5.38
PEDAGOGIA EN EDUCACION FISICA,SANTIAGO,30,5.53
DIPLOMADO EN NUTRICION CLINICA DEL ADULTO,CONCEPCION,80,5.38
PEDAGOGIA DE EDUCACION MEDIA EN EDUCACION FISICA,CONCEPCION,30,5.55
DIPLOMADO EN INTERVENCION KINESICA DEL SISTEMA NEUROMUSCULOESQUELETICO DE EXTREMIDADES,CONCEPCION,60,5.25
PEDAGOGIA EN EDUCACION DIFERENCIAL,PUERTO MONTT,90,5.08
KINESIOLOGIA,OSORNO,10,6.88
DERECHO,PUERTO MONTT,70,5.25
MEDICINA,CONCEPCION,50,6.43
MEDICINA,CONCEPCION,10,6.95
PEDAGOGIA DE EDUCACION MEDIA EN HISTORIA Y GEOGRAFIA,CONCEPCION,60,5.28
OBSTETRICIA,CONCEPCION,100,5.15
