carrera_nomb_carrera,carrera_comuna_sede
TRABAJO SOCIAL,TALCAHUANO
"INGENIERIA EN PREVENCION DE RIESGOS, CALIDAD Y AMBIENTE",CURICO
PREVENCION DE RIESGOS,LOS ANGELES
ADMINISTRACION DE EMPRESAS,PUENTE ALTO
INGENIERIA EN ADMINISTRACION DE EMPRESAS MENCION FINANZAS,TALCAHUANO
INGENIERIA EN INFORMATICA,COPIAPO
MECANICA AUTOMOTRIZ EN MAQUINARIA PESADA,ANTOFAGASTA
INGENIERIA EN CONSTRUCCION,IQUIQUE
MECANICA AUTOMOTRIZ EN MAQUINARIA PESADA,RENCA
PREVENCION DE RIESGOS,IQUIQUE
ELECTRICIDAD INDUSTRIAL MENCION INSTALACIONES ELECTRICAS,TALCAHUANO
INGENIERIA EN INFORMATICA,LOS ANGELES
GASTRONOMIA INTERNACIONAL,RANCAGUA
INGENIERIA EN AUTOMATIZACION Y CONTROL INDUSTRIAL,CALAMA
INGENIERIA EN MINAS,ANTOFAGASTA
INGENIERIA EN ADMINISTRACION DE EMPRESAS MENCION FINANZAS,MAIPU
AUTOMATIZACION Y CONTROL INDUSTRIAL,ARICA
"INGENIERIA EN MAQUINARIA, VEHICULOS AUTOMOTRICES Y SISTEMAS ELECTRONICOS",PUNTA ARENAS
TECNOLOGIA AGRICOLA,CURICO
ANALISTA PROGRAMADOR,TALCAHUANO
PSICOPEDAGOGIA,CHILLAN
MECANICA AUTOMOTRIZ EN MAQUINARIA PESADA,LA SERENA
LOGISTICA Y OPERACIONES INDUSTRIALES,MACUL
PSICOPEDAGOGIA,PUNTA ARENAS
TRADUCCION INGLES-ESPAÑOL MENCION NEGOCIOS INTERNACIONALES,MAIPU
INGENIERIA EN INFORMATICA,CHILLAN
"INGENIERIA EN PREVENCION DE RIESGOS, CALIDAD Y AMBIENTE",TALCAHUANO
MECANICA AUTOMOTRIZ EN SISTEMAS ELECTRONICOS,LA SERENA
INGENIERIA MECANICA EN MANTENIMIENTO INDUSTRIAL,PUERTO MONTT
MECANICA AUTOMOTRIZ EN SISTEMAS ELECTRONICOS,IQUIQUE
INGENIERIA EN ADMINISTRACION DE EMPRESAS MENCION MARKETING,TALCAHUANO
INGENIERIA EN MINAS,IQUIQUE
INGENIERIA EN ADMINISTRACION DE EMPRESAS MENCION FINANZAS,COPIAPO
"TELECOMUNICACIONES, CONECTIVIDAD Y REDES",MACUL
MANTENIMIENTO INDUSTRIAL,OSORNO
"LABORATORISTA CLINICO, BANCO DE SANGRE E IMAGENOLOGIA",COYHAIQUE
TECNICO EN ENFERMERIA,CALAMA
INGENIERIA MECANICA EN MANTENIMIENTO INDUSTRIAL,MAIPU
TECNICO EN ENFERMERIA MENCION INSTRUMENTISTA QUIRURGICO,SANTIAGO
ANALISTA PROGRAMADOR,IQUIQUE
ADMINISTRACION DE EMPRESAS,LA SERENA
"INGENIERIA EN PREVENCION DE RIESGOS, CALIDAD Y AMBIENTE",LA SERENA
TRABAJO SOCIAL,RANCAGUA
INGENIERIA EN MINAS,CALAMA
INGENIERIA EN ADMINISTRACION DE EMPRESAS MENCION GESTION DE PERSONAS,RANCAGUA
ADMINISTRACION DE EMPRESAS,PUENTE ALTO
GASTRONOMIA INTERNACIONAL,RANCAGUA
AUTOMATIZACION Y CONTROL INDUSTRIAL,TALCAHUANO
INGENIERIA EN INFORMATICA,RENCA
ADMINISTRACION DE EMPRESAS MENCION FINANZAS,SANTIAGO
INGENIERIA EN ADMINISTRACION DE EMPRESAS MENCION MARKETING,TALCAHUANO
PREVENCION DE RIESGOS,TALCAHUANO
"INGENIERIA EN MAQUINARIA, VEHICULOS AUTOMOTRICES Y SISTEMAS ELECTRONICOS",LA SERENA
ANALISTA PROGRAMADOR,SANTIAGO
CONTADOR AUDITOR,MAIPU
"TELECOMUNICACIONES, CONECTIVIDAD Y REDES",CHILLAN
INGENIERIA EN ADMINISTRACION DE EMPRESAS MENCION FINANZAS,RANCAGUA
ADMINISTRACION DE EMPRESAS MENCION FINANZAS,IQUIQUE
"INGENIERIA EN PREVENCION DE RIESGOS, CALIDAD Y AMBIENTE",PUNTA ARENAS
INGENIERIA COMERCIAL,SANTIAGO
MECANICA AUTOMOTRIZ EN SISTEMAS ELECTRONICOS,TALCAHUANO
"INGENIERIA EN PREVENCION DE RIESGOS, CALIDAD Y AMBIENTE",RANCAGUA
"TELECOMUNICACIONES, CONECTIVIDAD Y REDES",MACUL
INGENIERIA EN MINAS,IQUIQUE
ADMINISTRACION GASTRONOMICA INTERNACIONAL,TEMUCO
INGENIERIA EN MINAS,MAIPU
INGENIERIA COMERCIAL,VALPARAISO
INGENIERIA EN ADMINISTRACION DE EMPRESAS MENCION GESTION DE PERSONAS,IQUIQUE
MECANICA AUTOMOTRIZ EN SISTEMAS ELECTRONICOS,TEMUCO
DIBUJO DE PROYECTOS DE ARQUITECTURA E INGENIERIA,VALPARAISO
TECNOLOGIA EN ANALISIS QUIMICO,RENCA
MANTENIMIENTO INDUSTRIAL,LOS ANGELES
TECNOLOGIA EN ACUICULTURA,LA SERENA
INGENIERIA EN CONSTRUCCION,TEMUCO
INGENIERIA EN ADMINISTRACION DE EMPRESAS MENCION FINANZAS,VALPARAISO
MECANICA AUTOMOTRIZ EN SISTEMAS ELECTRONICOS,ARICA
"INGENIERIA EN TELECOMUNICACIONES, CONECTIVIDAD Y REDES",MACUL
PREVENCION DE RIESGOS,PUENTE ALTO
DIBUJO DE PROYECTOS DE ARQUITECTURA E INGENIERIA,VALPARAISO
MANTENIMIENTO INDUSTRIAL,MACUL
PSICOPEDAGOGIA,COYHAIQUE
PSICOPEDAGOGIA,COPIAPO
ANALISTA PROGRAMADOR,MAIPU
AUTOMATIZACION Y CONTROL INDUSTRIAL,MACUL
PREVENCION DE RIESGOS,IQUIQUE
INGENIERIA EN ELECTRICIDAD MENCION PROYECTOS DE INSTALACIONES ELECTRICAS,MACUL
INGENIERIA EN METALURGIA,IQUIQUE
PSICOPEDAGOGIA,VALPARAISO
INGENIERIA EN INFORMATICA,MACUL
TECNICO EN ENFERMERIA,MAIPU
"INGENIERIA EN PREVENCION DE RIESGOS, CALIDAD Y AMBIENTE",IQUIQUE
"INGENIERIA EN TELECOMUNICACIONES, CONECTIVIDAD Y REDES",MACUL
INGENIERIA EN INFORMATICA,CURICO
ADMINISTRACION GASTRONOMICA INTERNACIONAL,LAS CONDES
INGENIERIA EN CONSTRUCCION,RENCA
INGENIERIA EN ADMINISTRACION DE EMPRESAS MENCION FINANZAS,PUNTA ARENAS
"TELECOMUNICACIONES, CONECTIVIDAD Y REDES",IQUIQUE
INGENIERIA EN ELECTRICIDAD MENCION PROYECTOS DE INSTALACIONES ELECTRICAS,VALDIVIA
ADMINISTRACION DE EMPRESAS MENCION FINANZAS,ARICA
INGENIERIA EN CONSTRUCCION,PUENTE ALTO
INGENIERIA EN CONSTRUCCION,TEMUCO
ADMINISTRACION GASTRONOMICA INTERNACIONAL,LAS CONDES
INGENIERIA EN INFORMATICA,CHILLAN
INGENIERIA EN INFORMATICA,MACUL
ADMINISTRACION TURISTICA INTERNACIONAL,LAS CONDES
CONTADOR AUDITOR,SANTIAGO
GASTRONOMIA INTERNACIONAL,OSORNO
GASTRONOMIA INTERNACIONAL,VALPARAISO
HOTELES Y RESTAURANTES,COPIAPO
GASTRONOMIA INTERNACIONAL,MAIPU
INGENIERIA EN ADMINISTRACION DE EMPRESAS MENCION FINANZAS,LAS CONDES
CONTADOR AUDITOR,RANCAGUA
GASTRONOMIA INTERNACIONAL,PUNTA ARENAS
INGENIERIA EN ADMINISTRACION DE EMPRESAS MENCION MARKETING Y VENTAS,VALDIVIA
CONSTRUCCION CIVIL,PUNTA ARENAS
TECNICO EN ENFERMERIA,TEMUCO
"INGENIERIA EN PREVENCION DE RIESGOS, CALIDAD Y AMBIENTE",COPIAPO
"INGENIERIA EN MAQUINARIA, VEHICULOS AUTOMOTRICES Y SISTEMAS ELECTRONICOS",LA SERENA
MANTENIMIENTO INDUSTRIAL,PUNTA ARENAS
ADMINISTRACION DE EMPRESAS,PUNTA ARENAS
"INGENIERIA EN TELECOMUNICACIONES, CONECTIVIDAD Y REDES",MACUL
MECANICA AUTOMOTRIZ EN SISTEMAS ELECTRONICOS,TEMUCO
MECANICA AUTOMOTRIZ EN MAQUINARIA PESADA,ANTOFAGASTA
INGENIERIA EN ADMINISTRACION DE EMPRESAS MENCION FINANZAS,VALDIVIA
TECNOLOGIA EN ANALISIS QUIMICO,RENCA
PSICOPEDAGOGIA,PUERTO MONTT
COMERCIO EXTERIOR,SANTIAGO
AUTOMATIZACION Y CONTROL INDUSTRIAL,VALPARAISO
TECNICO EN ENFERMERIA,SANTIAGO
INGENIERIA EN INFORMATICA,TALCA
TRABAJO SOCIAL,VALDIVIA
INGENIERIA EN CLIMATIZACION,MACUL
CONSTRUCCION CIVIL,TALCA
"INGENIERIA EN PREVENCION DE RIESGOS, CALIDAD Y AMBIENTE",PUERTO MONTT
PSICOPEDAGOGIA,CHILLAN
"INGENIERIA EN PREVENCION DE RIESGOS, CALIDAD Y AMBIENTE",ANTOFAGASTA
ANALISTA PROGRAMADOR,TALCAHUANO
COMERCIO EXTERIOR,SANTIAGO
"INGENIERIA EN PREVENCION DE RIESGOS, CALIDAD Y AMBIENTE",ANTOFAGASTA
DIBUJO DE PROYECTOS DE ARQUITECTURA E INGENIERIA,MAIPU
"INGENIERIA EN TELECOMUNICACIONES, CONECTIVIDAD Y REDES",MACUL
INGENIERIA AGRICOLA,MACUL
INGENIERIA EN AUTOMATIZACION Y CONTROL INDUSTRIAL,VALDIVIA
PEDAGOGIA EN EDUCACION MEDIA MENCION ARTES MUSICALES,ÑUÑOA
INGENIERIA EN INFORMATICA,SANTIAGO
CONSTRUCCION CIVIL,RENCA
ELECTRICIDAD INDUSTRIAL MENCION INSTALACIONES ELECTRICAS,MACUL
MECANICA AUTOMOTRIZ EN MAQUINARIA PESADA,LA SERENA
"INGENIERIA EN PREVENCION DE RIESGOS, CALIDAD Y AMBIENTE",MAIPU
ADMINISTRACION GASTRONOMICA INTERNACIONAL,OSORNO
INGENIERIA EN INFORMATICA,ANTOFAGASTA
INGENIERIA EN INFORMATICA,MAIPU
INGENIERIA EN CONSTRUCCION,RENCA
"INGENIERIA EN TELECOMUNICACIONES, CONECTIVIDAD Y REDES",TEMUCO
INGENIERIA EN ADMINISTRACION DE EMPRESAS MENCION FINANZAS,PUENTE ALTO
GASTRONOMIA INTERNACIONAL,CHILLAN
ELECTRICIDAD INDUSTRIAL MENCION INSTALACIONES ELECTRICAS,VALPARAISO
CONSTRUCCION CIVIL,TEMUCO
PREVENCION DE RIESGOS,MACUL
MAGISTER EN GESTION EMPRESARIAL,VITACURA
INGENIERIA EN MAQUINARIA PESADA Y VEHICULOS AUTOMOTRICES,CALAMA
DISEÑO WEB & MOBILE,VALPARAISO
"INGENIERIA EN MAQUINARIA, VEHICULOS AUTOMOTRICES Y SISTEMAS ELECTRONICOS",PUENTE ALTO
CONTABILIDAD GENERAL,SANTIAGO
SERVICIO SOCIAL,TALCAHUANO
ADMINISTRACION DE EMPRESAS,PUERTO MONTT
MECANICA AUTOMOTRIZ EN SISTEMAS ELECTRONICOS,TEMUCO
CONTABILIDAD GENERAL,MAIPU
INGENIERIA EN MINAS,COPIAPO
GASTRONOMIA INTERNACIONAL,LA SERENA
INGENIERIA EN INFORMATICA,CURICO
DIPLOMADO ARQUITECTURA DE SERVICIOS TECNOLOGICOS,VITACURA
ANALISTA PROGRAMADOR,ANTOFAGASTA
"INGENIERIA EN TELECOMUNICACIONES, CONECTIVIDAD Y REDES",TEMUCO
INGENIERIA EN CONSTRUCCION,IQUIQUE
TECNICO EN ENFERMERIA,LA SERENA
GASTRONOMIA INTERNACIONAL,LAS CONDES
INGENIERIA COMERCIAL,OSORNO
TURISMO,ARICA
"INGENIERIA EN MAQUINARIA, VEHICULOS AUTOMOTRICES Y SISTEMAS ELECTRONICOS",RENCA
ELECTRICIDAD INDUSTRIAL MENCION INSTALACIONES ELECTRICAS,TALCAHUANO
INGENIERIA EN ADMINISTRACION DE EMPRESAS MENCION FINANZAS,SANTIAGO
CONSTRUCCION CIVIL,TALCAHUANO
"INGENIERIA EN MAQUINARIA, VEHICULOS AUTOMOTRICES Y SISTEMAS ELECTRONICOS",PUERTO MONTT
INGENIERIA EN MINAS,IQUIQUE
INGENIERIA EN INFORMATICA,PUERTO MONTT
ANALISTA PROGRAMADOR,SANTIAGO
AUTOMATIZACION Y CONTROL INDUSTRIAL,VALPARAISO
INGENIERIA EN INFORMATICA,CHILLAN
INGENIERIA EN ADMINISTRACION DE EMPRESAS MENCION MARKETING Y VENTAS,LAS CONDES
INGENIERIA EN MAQUINARIA Y VEHICULOS AUTOMOTRICES,VALPARAISO
"INGENIERIA EN PREVENCION DE RIESGOS, CALIDAD Y AMBIENTE",LOS ANGELES
ANALISTA PROGRAMADOR,RENCA
INGENIERIA EN ADMINISTRACION DE EMPRESAS MENCION MARKETING,VALPARAISO
PSICOPEDAGOGIA,ANTOFAGASTA
ELECTRICIDAD INDUSTRIAL MENCION ELECTROMECANICA,TALCAHUANO
DISEÑO Y PRODUCCION GRAFICA,VALPARAISO
INGENIERIA EN ADMINISTRACION DE EMPRESAS MENCION FINANZAS,RANCAGUA
PREVENCION DE RIESGOS,TEMUCO
INGENIERIA EN ADMINISTRACION DE EMPRESAS MENCION FINANZAS,ARICA
PREPARADOR FISICO,VALPARAISO
"INGENIERIA EN MAQUINARIA, VEHICULOS AUTOMOTRICES Y SISTEMAS ELECTRONICOS",MAIPU
INGENIERIA EN INFORMATICA,MACUL
INGENIERIA EN ADMINISTRACION DE EMPRESAS MENCION MARKETING Y VENTAS,CHILLAN
MECANICA EN PRODUCCION INDUSTRIAL,MACUL
EDIFICACION,TALCA
INGENIERIA EN ADMINISTRACION DE EMPRESAS MENCION MARKETING,LAS CONDES
INGENIERIA EN INFORMATICA,RENCA
ANALISTA PROGRAMADOR,TALCAHUANO
MECANICA AUTOMOTRIZ EN SISTEMAS ELECTRONICOS,VALPARAISO
PREVENCION DE RIESGOS,CHILLAN
PREVENCION DE RIESGOS,IQUIQUE
PSICOPEDAGOGIA,IQUIQUE
INGENIERIA EN METALURGIA,CALAMA
INGENIERIA EN REFRIGERACION,MACUL
INGENIERIA EN MAQUINARIA PESADA Y VEHICULOS AUTOMOTRICES,CALAMA
INGENIERIA MECANICA EN MANTENIMIENTO INDUSTRIAL,LOS ANGELES
INGENIERIA EN ADMINISTRACION DE EMPRESAS MENCION FINANZAS,PUERTO MONTT
INGENIERIA AGRICOLA,MACUL
"TELECOMUNICACIONES, CONECTIVIDAD Y REDES",TEMUCO
PSICOPEDAGOGIA,CHILLAN
INGENIERIA MECANICA EN MANTENIMIENTO INDUSTRIAL,MAIPU
INGENIERIA EN ADMINISTRACION DE EMPRESAS MENCION MARKETING Y VENTAS,LAS CONDES
"INGENIERIA EN MAQUINARIA, VEHICULOS AUTOMOTRICES Y SISTEMAS ELECTRONICOS",IQUIQUE
PSICOPEDAGOGIA,VALPARAISO
NUTRICION Y DIETETICA,TALCAHUANO
INGENIERIA EN INFORMATICA,IQUIQUE
"INGENIERIA EN PREVENCION DE RIESGOS, CALIDAD Y AMBIENTE",MACUL
ANALISTA PROGRAMADOR,CHILLAN
GASTRONOMIA INTERNACIONAL,TALCAHUANO
GASTRONOMIA INTERNACIONAL,VALDIVIA
ANALISTA PROGRAMADOR,ANTOFAGASTA
ADMINISTRACION DE EMPRESAS MENCION FINANZAS,TEMUCO
INGENIERIA EN ADMINISTRACION DE EMPRESAS MENCION FINANZAS,CURICO
GASTRONOMIA INTERNACIONAL,TALCAHUANO
"INGENIERIA EN PREVENCION DE RIESGOS, CALIDAD Y AMBIENTE",MAIPU
FABRICACION Y MONTAJE INDUSTRIAL,TALCAHUANO
"INGENIERIA EN PREVENCION DE RIESGOS, CALIDAD Y AMBIENTE",TALCAHUANO
MECANICA AUTOMOTRIZ EN MAQUINARIA PESADA,ANTOFAGASTA
INGENIERIA EN MINAS,RENCA
"INGENIERIA EN PREVENCION DE RIESGOS, CALIDAD Y AMBIENTE",COPIAPO
CONTABILIDAD GENERAL,TALCAHUANO
"INGENIERIA EN PREVENCION DE RIESGOS, CALIDAD Y AMBIENTE",COPIAPO
KINESIOLOGIA,LA SERENA
TRABAJO SOCIAL,LA SERENA
GASTRONOMIA INTERNACIONAL,MAIPU
INGENIERIA AGRICOLA,TALCA
ANALISTA PROGRAMADOR,VALPARAISO
ADMINISTRACION DE EMPRESAS,IQUIQUE
INGENIERIA EN AUTOMATIZACION Y CONTROL INDUSTRIAL,CALAMA
INGENIERIA EN INFORMATICA,SANTIAGO
MECANICA AUTOMOTRIZ EN SISTEMAS ELECTRONICOS,TALCAHUANO
TRADUCCION INGLES-ESPAÑOL MENCION NEGOCIOS INTERNACIONALES,SANTIAGO
INGENIERIA EN ADMINISTRACION DE EMPRESAS MENCION FINANZAS,SANTIAGO
PREVENCION DE RIESGOS,TEMUCO
INGENIERIA EN QUIMICA INDUSTRIAL,MACUL
"INGENIERIA EN PREVENCION DE RIESGOS, CALIDAD Y AMBIENTE",CHILLAN
AUTOMATIZACION Y CONTROL INDUSTRIAL,MACUL
MANTENIMIENTO INDUSTRIAL,VALPARAISO
TECNOLOGIA AGRICOLA,RANCAGUA
EDIFICACION,PUENTE ALTO
DISEÑO DE VESTUARIO,TEMUCO
INGENIERIA EN INFORMATICA,LOS ANGELES
INGENIERIA EN MINAS,IQUIQUE
"INGENIERIA EN MAQUINARIA, VEHICULOS AUTOMOTRICES Y SISTEMAS ELECTRONICOS",VALPARAISO
ANALISTA PROGRAMADOR,MACUL
"INGENIERIA EN PREVENCION DE RIESGOS, CALIDAD Y AMBIENTE",RANCAGUA
ADMINISTRACION DE EMPRESAS,CHILLAN
TECNICO EN ENFERMERIA,CALAMA
INGENIERIA EN CLIMATIZACION,MACUL
TECNICO EN ENFERMERIA,COYHAIQUE
ADMINISTRACION DE EMPRESAS,SANTIAGO
TECNICO EN MINERIA,RENCA
"INGENIERIA EN MAQUINARIA, VEHICULOS AUTOMOTRICES Y SISTEMAS ELECTRONICOS",VALPARAISO
GASTRONOMIA INTERNACIONAL,TEMUCO
ANALISTA PROGRAMADOR,TALCA
AUTOMATIZACION Y CONTROL INDUSTRIAL,TALCAHUANO
GASTRONOMIA INTERNACIONAL,COPIAPO
INGENIERIA EN INFORMATICA,SANTIAGO
"INGENIERIA EN PREVENCION DE RIESGOS, CALIDAD Y AMBIENTE",CALAMA
MECANICA AUTOMOTRIZ EN MAQUINARIA PESADA,COPIAPO
ADMINISTRACION DE EMPRESAS,VALDIVIA
ADMINISTRACION DE EMPRESAS MENCION MARKETING,CHILLAN
ANALISTA PROGRAMADOR,CHILLAN
NUTRICION Y DIETETICA,LAS CONDES
PREVENCION DE RIESGOS,VALPARAISO
"INGENIERIA EN PREVENCION DE RIESGOS, CALIDAD Y AMBIENTE",PUNTA ARENAS
TRABAJO SOCIAL,CHILLAN
ADMINISTRACION DE EMPRESAS,IQUIQUE
GASTRONOMIA INTERNACIONAL,LAS CONDES
"INGENIERIA EN MAQUINARIA, VEHICULOS AUTOMOTRICES Y SISTEMAS ELECTRONICOS",ARICA
"TELECOMUNICACIONES, CONECTIVIDAD Y REDES",SANTIAGO
DISEÑO DE MODA,LAS CONDES
TRADUCCION INGLES-ESPAÑOL MENCION NEGOCIOS INTERNACIONALES,LA SERENA
DISEÑO GRAFICO PROFESIONAL,MAIPU
"INGENIERIA EN PREVENCION DE RIESGOS, CALIDAD Y AMBIENTE",MACUL
ADMINISTRACION DE EMPRESAS,MACUL
PSICOPEDAGOGIA,VALDIVIA
MANTENIMIENTO INDUSTRIAL,CHILLAN
ELECTRICIDAD INDUSTRIAL MENCION INSTALACIONES ELECTRICAS,MACUL
ADMINISTRACION TURISTICA INTERNACIONAL,LAS CONDES
INGENIERIA EN ADMINISTRACION DE EMPRESAS MENCION MARKETING Y VENTAS,SANTIAGO
ELECTRICIDAD INDUSTRIAL MENCION INSTALACIONES ELECTRICAS,RENCA
AUTOMATIZACION Y CONTROL INDUSTRIAL,PUENTE ALTO
"INGENIERIA EN TELECOMUNICACIONES, CONECTIVIDAD Y REDES",RENCA
GASTRONOMIA INTERNACIONAL,IQUIQUE
DISEÑO Y PRODUCCION GRAFICA,ARICA
MAGISTER EN GESTION Y SUSTENTABILIDAD DE PROYECTOS DE CONSTRUCCION,VITACURA
INGENIERIA EN MAQUINARIA PESADA Y VEHICULOS AUTOMOTRICES,CALAMA
INGENIERIA EN AUTOMATIZACION Y CONTROL INDUSTRIAL,CALAMA
TECNICO EN ENFERMERIA,PUNTA ARENAS
PSICOPEDAGOGIA,LOS ANGELES
INGENIERIA EN METALURGIA,CALAMA
INGENIERIA MECANICA EN MANTENIMIENTO INDUSTRIAL,TALCAHUANO
INGENIERIA EN ADMINISTRACION DE EMPRESAS MENCION FINANZAS,MAIPU
INGENIERIA EN ADMINISTRACION DE EMPRESAS MENCION MARKETING,LA SERENA
INGENIERIA EN CONSTRUCCION,CHILLAN
INGENIERIA EN ADMINISTRACION DE EMPRESAS MENCION MARKETING,LAS CONDES
"INGENIERIA EN PREVENCION DE RIESGOS, CALIDAD Y AMBIENTE",TEMUCO
TRADUCCION INGLES-ESPAÑOL MENCION NEGOCIOS INTERNACIONALES,MAIPU
INGENIERIA EN INFORMATICA,MACUL
DISEÑO DE MODA,TEMUCO
INGENIERIA COMERCIAL,LA SERENA
ADMINISTRACION GASTRONOMICA INTERNACIONAL,VALPARAISO
CONTADOR AUDITOR,PUERTO MONTT
DISEÑO GRAFICO PROFESIONAL,MAIPU
MECANICA AUTOMOTRIZ EN SISTEMAS ELECTRONICOS,COYHAIQUE
TECNOLOGIA AGRICOLA,CURICO
"INGENIERIA EN MAQUINARIA, VEHICULOS AUTOMOTRICES Y SISTEMAS ELECTRONICOS",COPIAPO
INGENIERIA EN ADMINISTRACION DE EMPRESAS MENCION FINANZAS,LAS CONDES
PREVENCION DE RIESGOS,RENCA
CONTADOR AUDITOR,MAIPU
INGENIERIA EN ADMINISTRACION DE EMPRESAS MENCION FINANZAS,MAIPU
CONSTRUCCION CIVIL,TALCA
INGENIERIA EN MAQUINARIA PESADA Y VEHICULOS AUTOMOTRICES,ANTOFAGASTA
MECANICA AUTOMOTRIZ EN SISTEMAS ELECTRONICOS,TALCA
COMERCIO EXTERIOR,SANTIAGO
ELECTRICIDAD INDUSTRIAL MENCION INSTALACIONES ELECTRICAS,MACUL
PREVENCION DE RIESGOS,LOS ANGELES
MECANICA AUTOMOTRIZ EN SISTEMAS ELECTRONICOS,PUENTE ALTO
HOTELES Y RESTAURANTES,VALPARAISO
PREVENCION DE RIESGOS,MAIPU
"INGENIERIA EN MAQUINARIA, VEHICULOS AUTOMOTRICES Y SISTEMAS ELECTRONICOS",PUERTO MONTT
PREVENCION DE RIESGOS,MACUL
REFRIGERACION,MACUL
INGENIERIA EN ADMINISTRACION DE EMPRESAS MENCION FINANZAS,PUNTA ARENAS
TECNICO EN ENFERMERIA,VALDIVIA
CONTADOR AUDITOR,PUENTE ALTO
ADMINISTRACION DE EMPRESAS,COYHAIQUE
PREVENCION DE RIESGOS,COPIAPO
INGENIERIA EN INFORMATICA,PUENTE ALTO
ELECTRICIDAD INDUSTRIAL MENCION PROYECTOS ELECTRICOS,PUERTO MONTT
DIBUJO DE PROYECTOS DE ARQUITECTURA E INGENIERIA,TALCAHUANO
INGENIERIA EN CLIMATIZACION,MACUL
"INGENIERIA EN PREVENCION DE RIESGOS, CALIDAD Y AMBIENTE",LA SERENA
INGENIERIA CIVIL EN ELECTRICIDAD MENCION SISTEMAS ELECTRONICOS,RENCA
INGENIERIA EN ELECTRICIDAD MENCION PROYECTOS DE INSTALACIONES ELECTRICAS,TALCA
DISEÑO GRAFICO PROFESIONAL,PUENTE ALTO
"INGENIERIA EN PREVENCION DE RIESGOS, CALIDAD Y AMBIENTE",VALPARAISO
ENFERMERIA,LA SERENA
GASTRONOMIA INTERNACIONAL,PUNTA ARENAS
INGENIERIA MECANICA EN MANTENIMIENTO INDUSTRIAL,PUERTO MONTT
INGENIERIA EN ADMINISTRACION DE EMPRESAS MENCION FINANZAS,LAS CONDES
"TELECOMUNICACIONES, CONECTIVIDAD Y REDES",SANTIAGO
ADMINISTRACION DE HOTELES Y RESTAURANTES,VALDIVIA
ADMINISTRACION DE EMPRESAS MENCION MARKETING,TALCAHUANO
INGENIERIA EN INFORMATICA,LA SERENA
"INGENIERIA EN MAQUINARIA, VEHICULOS AUTOMOTRICES Y SISTEMAS ELECTRONICOS",TALCAHUANO
ADMINISTRACION DE EMPRESAS,VALDIVIA
INGENIERIA EN ADMINISTRACION DE EMPRESAS MENCION MARKETING,TEMUCO
CONSTRUCCION CIVIL,TALCAHUANO
TURISMO,TALCAHUANO
INGENIERIA EN MINAS,MAIPU
"INGENIERIA EN PREVENCION DE RIESGOS, CALIDAD Y AMBIENTE",RENCA
PREVENCION DE RIESGOS,LOS ANGELES
"INGENIERIA EN MAQUINARIA, VEHICULOS AUTOMOTRICES Y SISTEMAS ELECTRONICOS",LA SERENA
"INGENIERIA EN MAQUINARIA, VEHICULOS AUTOMOTRICES Y SISTEMAS ELECTRONICOS",VALDIVIA
INGENIERIA EN AUTOMATIZACION Y CONTROL INDUSTRIAL,RANCAGUA
ADMINISTRACION DE EMPRESAS MENCION MARKETING,MACUL
GASTRONOMIA INTERNACIONAL,VALPARAISO
PREVENCION DE RIESGOS,ANTOFAGASTA
ADMINISTRACION GASTRONOMICA INTERNACIONAL,TALCA
PSICOPEDAGOGIA,COYHAIQUE
PSICOPEDAGOGIA,IQUIQUE
PREVENCION DE RIESGOS,COPIAPO
MANTENIMIENTO INDUSTRIAL,ANTOFAGASTA
MECANICA AUTOMOTRIZ EN SISTEMAS ELECTRONICOS,TALCAHUANO
TURISMO MENCION TURISMO AVENTURA,OSORNO
INGENIERIA EN ADMINISTRACION DE EMPRESAS MENCION MARKETING Y VENTAS,LOS ANGELES
MECANICA AUTOMOTRIZ EN SISTEMAS ELECTRONICOS,MACUL
MECANICA AUTOMOTRIZ EN MAQUINARIA PESADA,LA SERENA
TECNOLOGIA EN ANALISIS QUIMICO,MACUL
"INGENIERIA EN MAQUINARIA, VEHICULOS AUTOMOTRICES Y SISTEMAS ELECTRONICOS",IQUIQUE
ADMINISTRACION DE EMPRESAS MENCION FINANZAS,MAIPU
INGENIERIA MECANICA EN MANTENIMIENTO INDUSTRIAL,PUERTO MONTT
"INGENIERIA EN PREVENCION DE RIESGOS, CALIDAD Y AMBIENTE",LA SERENA
PREVENCION DE RIESGOS,ÑUÑOA
TECNICO EN ENFERMERIA,SANTIAGO
DISEÑO GRAFICO PROFESIONAL,RANCAGUA
PREVENCION DE RIESGOS,CALAMA
INGENIERIA EN ADMINISTRACION DE EMPRESAS MENCION FINANZAS,ANTOFAGASTA
"INGENIERIA EN PREVENCION DE RIESGOS, CALIDAD Y AMBIENTE",CALAMA
INGENIERIA EN MINAS,ANTOFAGASTA
MANTENIMIENTO INDUSTRIAL,VALPARAISO
ADMINISTRACION DE EMPRESAS,TALCAHUANO
"INGENIERIA EN MAQUINARIA, VEHICULOS AUTOMOTRICES Y SISTEMAS ELECTRONICOS",PUENTE ALTO
INGENIERIA EN INFORMATICA,ARICA
ANALISTA PROGRAMADOR,LA SERENA
"INGENIERIA EN TELECOMUNICACIONES, CONECTIVIDAD Y REDES",VALPARAISO
GASTRONOMIA INTERNACIONAL,LA SERENA
INGENIERIA EN CONSTRUCCION,VALDIVIA
INGENIERIA MECANICA EN MANTENIMIENTO INDUSTRIAL,MAIPU
INGENIERIA EN ADMINISTRACION DE EMPRESAS MENCION FINANZAS,TALCAHUANO
INGENIERIA EN INFORMATICA,LA SERENA
INGENIERIA EN ADMINISTRACION DE EMPRESAS MENCION FINANZAS,CALAMA
ADMINISTRACION DE EMPRESAS,LAS CONDES
"INGENIERIA EN MAQUINARIA, VEHICULOS AUTOMOTRICES Y SISTEMAS ELECTRONICOS",COPIAPO
INGENIERIA EN ELECTRICIDAD MENCION POTENCIA,TEMUCO
INGENIERIA EN ELECTRICIDAD MENCION POTENCIA,MACUL
AUTOMATIZACION Y CONTROL INDUSTRIAL,CALAMA
INGENIERIA EN ADMINISTRACION DE EMPRESAS MENCION GESTION DE PERSONAS,IQUIQUE
MECANICA AUTOMOTRIZ EN MAQUINARIA PESADA,ANTOFAGASTA
MECANICA AUTOMOTRIZ EN SISTEMAS ELECTRONICOS,TEMUCO
INGENIERIA EN METALURGIA,MAIPU
TRABAJO SOCIAL,ANTOFAGASTA
PREVENCION DE RIESGOS,ÑUÑOA
ADMINISTRACION DE EMPRESAS,RANCAGUA
CONTADOR AUDITOR,PUENTE ALTO
MANTENIMIENTO INDUSTRIAL,TALCAHUANO
TECNICO EN ODONTOLOGIA,OSORNO
INGENIERIA EN MINAS,COPIAPO
INGENIERIA MECANICA EN MANTENIMIENTO INDUSTRIAL,TALCAHUANO
TRADUCCION INGLES-ESPAÑOL MENCION NEGOCIOS INTERNACIONALES,LAS CONDES
INGENIERIA EN MINAS,CALAMA
MECANICA AUTOMOTRIZ EN SISTEMAS ELECTRONICOS,VALPARAISO
NUTRICION Y DIETETICA,VALPARAISO
TRABAJO SOCIAL,OSORNO
PREVENCION DE RIESGOS,CALAMA
TRABAJO SOCIAL,LOS ANGELES
EDIFICACION,TEMUCO
TECNICO EN ODONTOLOGIA,SANTIAGO
"INGENIERIA EN PREVENCION DE RIESGOS, CALIDAD Y AMBIENTE",CALAMA
ADMINISTRACION DE EMPRESAS MENCION FINANZAS,VALPARAISO
PREVENCION DE RIESGOS,CHILLAN
TECNOLOGIA EN ANALISIS QUIMICO,RENCA
ANALISTA PROGRAMADOR,MACUL
COMERCIO EXTERIOR,SANTIAGO
TOPOGRAFIA,MAIPU
NUTRICION Y DIETETICA,LA SERENA
PREPARADOR FISICO,VALPARAISO
INGENIERIA EN CONSTRUCCION,IQUIQUE
CONTABILIDAD GENERAL,PUENTE ALTO
INGENIERIA EN INFORMATICA,CHILLAN
ADMINISTRACION DE EMPRESAS,PUNTA ARENAS
ADMINISTRACION GASTRONOMICA INTERNACIONAL,VALPARAISO
ANALISTA PROGRAMADOR,SANTIAGO
ADMINISTRACION DE EMPRESAS MENCION FINANZAS,ANTOFAGASTA
BIOTECNOLOGIA INDUSTRIAL,TALCAHUANO
ADMINISTRACION DE EMPRESAS MENCION GESTION DE PERSONAS,SANTIAGO
TRADUCCION INGLES-ESPAÑOL MENCION NEGOCIOS INTERNACIONALES,SANTIAGO
CONTADOR AUDITOR,VALPARAISO
INGENIERIA EN CONSTRUCCION,CHILLAN
ADMINISTRACION GASTRONOMICA INTERNACIONAL,LAS CONDES
INGENIERIA EN ADMINISTRACION DE EMPRESAS MENCION GESTION DE PERSONAS,RANCAGUA
ANALISTA PROGRAMADOR,VALPARAISO
INGENIERIA EN MAQUINARIA PESADA Y VEHICULOS AUTOMOTRICES,ANTOFAGASTA
MAGISTER EN GESTION DE TECNOLOGIAS DE LA INFORMACION,VITACURA
EDIFICACION,TALCAHUANO
PSICOPEDAGOGIA,ANTOFAGASTA
MECANICA AUTOMOTRIZ EN SISTEMAS ELECTRONICOS,TALCA
MECANICA AUTOMOTRIZ EN SISTEMAS ELECTRONICOS,VALPARAISO
INGENIERIA MECANICA EN PRODUCCION INDUSTRIAL,MACUL
CONTABILIDAD GENERAL,COYHAIQUE
TECNICO EN ENFERMERIA,TALCAHUANO
TECNICO EN ODONTOLOGIA,OSORNO
ADMINISTRACION DE EMPRESAS MENCION GESTION DE PERSONAS,MAIPU
"INGENIERIA EN PREVENCION DE RIESGOS, CALIDAD Y AMBIENTE",ANTOFAGASTA
INGENIERIA EN AUTOMATIZACION Y CONTROL INDUSTRIAL,CALAMA
ADMINISTRACION DE EMPRESAS MENCION FINANZAS,LAS CONDES
INGENIERIA EN MAQUINARIA PESADA Y VEHICULOS AUTOMOTRICES,RENCA
MECANICA AUTOMOTRIZ EN SISTEMAS ELECTRONICOS,LA SERENA
TECNICO EN ENFERMERIA,SANTIAGO
GASTRONOMIA INTERNACIONAL,PUERTO MONTT
TURISMO,PUENTE ALTO
ELECTRONICA INDUSTRIAL,RENCA
CONTADOR AUDITOR,MAIPU
EDIFICACION,CHILLAN
INGENIERIA EN AUTOMATIZACION Y CONTROL INDUSTRIAL,RENCA
ADMINISTRACION DE EMPRESAS MENCION FINANZAS,VALPARAISO
INGENIERIA EN ADMINISTRACION DE EMPRESAS MENCION FINANZAS,PUERTO MONTT
PREVENCION DE RIESGOS,ARICA
"INGENIERIA EN PREVENCION DE RIESGOS, CALIDAD Y AMBIENTE",ANTOFAGASTA
INGENIERIA EN MINAS,IQUIQUE
MECANICA AUTOMOTRIZ EN SISTEMAS ELECTRONICOS,RANCAGUA
GASTRONOMIA INTERNACIONAL,PUNTA ARENAS
MANTENIMIENTO INDUSTRIAL,PUERTO MONTT
ADMINISTRACION DE EMPRESAS MENCION FINANZAS,MACUL
ANALISTA PROGRAMADOR,PUERTO MONTT
INGENIERIA EN MINAS,ANTOFAGASTA
MANTENIMIENTO INDUSTRIAL,TALCAHUANO
PSICOPEDAGOGIA,VALDIVIA
INGENIERIA EN ADMINISTRACION DE EMPRESAS MENCION FINANZAS,CALAMA
AUTOMATIZACION Y CONTROL INDUSTRIAL,VALPARAISO
INGENIERIA EN ADMINISTRACION DE EMPRESAS MENCION FINANZAS,RANCAGUA
INGENIERIA MECANICA EN MANTENIMIENTO INDUSTRIAL,ANTOFAGASTA
ADMINISTRACION DE HOTELES Y RESTAURANTES,LAS CONDES
MECANICA AUTOMOTRIZ EN SISTEMAS ELECTRONICOS,PUENTE ALTO
MECANICA AUTOMOTRIZ EN SISTEMAS ELECTRONICOS,TALCAHUANO
INGENIERIA EN MINAS,MAIPU
PREVENCION DE RIESGOS,COPIAPO
FABRICACION Y MONTAJE INDUSTRIAL,RENCA
INGENIERIA EN MAQUINARIA PESADA Y VEHICULOS AUTOMOTRICES,COPIAPO
"INGENIERIA EN PREVENCION DE RIESGOS, CALIDAD Y AMBIENTE",LA SERENA
ELECTRICIDAD INDUSTRIAL MENCION INSTALACIONES ELECTRICAS,RENCA
ANALISTA PROGRAMADOR,IQUIQUE
MANTENIMIENTO INDUSTRIAL,VALPARAISO
CONTABILIDAD GENERAL,IQUIQUE
"INGENIERIA EN MAQUINARIA, VEHICULOS AUTOMOTRICES Y SISTEMAS ELECTRONICOS",ANTOFAGASTA
"INGENIERIA EN PREVENCION DE RIESGOS, CALIDAD Y AMBIENTE",TALCA
"INGENIERIA EN PREVENCION DE RIESGOS, CALIDAD Y AMBIENTE",MAIPU
AUTOMATIZACION Y CONTROL INDUSTRIAL,ANTOFAGASTA
INGENIERIA EN ADMINISTRACION DE EMPRESAS MENCION MARKETING Y VENTAS,VALPARAISO
AUTOMATIZACION Y CONTROL INDUSTRIAL,PUENTE ALTO
"INGENIERIA EN MAQUINARIA, VEHICULOS AUTOMOTRICES Y SISTEMAS ELECTRONICOS",PUERTO MONTT
MECANICA AUTOMOTRIZ EN SISTEMAS ELECTRONICOS,LA SERENA
INGENIERIA EN CLIMATIZACION,MACUL
TOPOGRAFIA,MAIPU
INGENIERIA EN MINAS,ANTOFAGASTA
INGENIERIA INDUSTRIAL,MACUL
ADMINISTRACION DE EMPRESAS MENCION GESTION DE PERSONAS,IQUIQUE
BIOTECNOLOGIA INDUSTRIAL,MACUL
PREVENCION DE RIESGOS,MACUL
GASTRONOMIA INTERNACIONAL,CHILLAN
PRODUCCION MUSICAL,ÑUÑOA
MANTENIMIENTO INDUSTRIAL,TALCAHUANO
"INGENIERIA EN TELECOMUNICACIONES, CONECTIVIDAD Y REDES",SANTIAGO
"INGENIERIA EN PREVENCION DE RIESGOS, CALIDAD Y AMBIENTE",VALPARAISO
TECNICO EN ENFERMERIA,LA SERENA
"INGENIERIA EN MAQUINARIA, VEHICULOS AUTOMOTRICES Y SISTEMAS ELECTRONICOS",LA SERENA
ADMINISTRACION DE EMPRESAS,LAS CONDES
ELECTRICIDAD INDUSTRIAL MENCION ELECTROMECANICA,CHILLAN
ADMINISTRACION DE EMPRESAS MENCION FINANZAS,SANTIAGO
INGENIERIA CIVIL INFORMATICA,RANCAGUA
INGENIERIA AGRICOLA MENCION GANADERIA,VALDIVIA
INGENIERIA AGRICOLA,TALCA
MECANICA AUTOMOTRIZ EN MAQUINARIA PESADA,RENCA
EDIFICACION,PUNTA ARENAS
INGENIERIA EN MINAS,MAIPU
"INGENIERIA EN PREVENCION DE RIESGOS, CALIDAD Y AMBIENTE",ANTOFAGASTA
ELECTRICIDAD INDUSTRIAL MENCION PROYECTOS ELECTRICOS,TALCA
PREVENCION DE RIESGOS,LA SERENA
ELECTRICIDAD INDUSTRIAL MENCION ELECTROMECANICA,TALCAHUANO
ADMINISTRACION GASTRONOMICA INTERNACIONAL,PUNTA ARENAS
DISEÑO GRAFICO PROFESIONAL,OSORNO
GASTRONOMIA INTERNACIONAL,MAIPU
INGENIERIA MECANICA EN MANTENIMIENTO INDUSTRIAL,IQUIQUE
CONTABILIDAD GENERAL,PUNTA ARENAS
INGENIERIA EN AUTOMATIZACION Y CONTROL INDUSTRIAL,ANTOFAGASTA
EDIFICACION,RENCA
"INGENIERIA EN MAQUINARIA, VEHICULOS AUTOMOTRICES Y SISTEMAS ELECTRONICOS",RENCA
TECNICO EN ENFERMERIA,TALCAHUANO
ANALISTA PROGRAMADOR,ARICA
"INGENIERIA EN PREVENCION DE RIESGOS, CALIDAD Y AMBIENTE",CALAMA
GASTRONOMIA INTERNACIONAL,MAIPU
INGENIERIA MECANICA EN MANTENIMIENTO INDUSTRIAL,RANCAGUA
ADMINISTRACION DE EMPRESAS,TALCAHUANO
INGENIERIA EN ADMINISTRACION DE EMPRESAS MENCION FINANZAS,CALAMA
TECNICO EN ENFERMERIA,SANTIAGO
CONTADOR AUDITOR,SANTIAGO
INGENIERIA EN MINAS,RENCA
ADMINISTRACION GASTRONOMICA INTERNACIONAL,LAS CONDES
TECNICO EN ENFERMERIA MENCION INSTRUMENTISTA QUIRURGICO,ANTOFAGASTA
GASTRONOMIA INTERNACIONAL,OSORNO
"INGENIERIA EN MAQUINARIA, VEHICULOS AUTOMOTRICES Y SISTEMAS ELECTRONICOS",TEMUCO
ELECTRICIDAD INDUSTRIAL MENCION ELECTROMECANICA,VALDIVIA
TRABAJO SOCIAL,LOS ANGELES
INGENIERIA MECANICA EN MANTENIMIENTO INDUSTRIAL,TALCAHUANO
PSICOPEDAGOGIA,VALPARAISO
CONSTRUCCION CIVIL,TALCA
ELECTRICIDAD INDUSTRIAL MENCION ELECTROMECANICA,RANCAGUA
INGENIERIA EN INFORMATICA,RANCAGUA
MECANICA AUTOMOTRIZ EN MAQUINARIA PESADA,ANTOFAGASTA
FABRICACION Y MONTAJE INDUSTRIAL,TALCAHUANO
PREVENCION DE RIESGOS,LOS ANGELES
TECNICO EN ENFERMERIA,SANTIAGO
PREVENCION DE RIESGOS,PUENTE ALTO
MANTENIMIENTO INDUSTRIAL,LOS ANGELES
INGENIERIA MECANICA EN MANTENIMIENTO INDUSTRIAL,RANCAGUA
TRADUCCION INGLES-ESPAÑOL MENCION NEGOCIOS INTERNACIONALES,ANTOFAGASTA
EDIFICACION,LA SERENA
MANTENIMIENTO INDUSTRIAL,TALCAHUANO
"INGENIERIA EN PREVENCION DE RIESGOS, CALIDAD Y AMBIENTE",COPIAPO
INGENIERIA AGRICOLA,TALCA
ADMINISTRACION DE EMPRESAS MENCION FINANZAS,TALCA
ELECTRONICA INDUSTRIAL,RENCA
PREVENCION DE RIESGOS,MAIPU
MANTENIMIENTO INDUSTRIAL,VALPARAISO
PREVENCION DE RIESGOS,ANTOFAGASTA
GASTRONOMIA INTERNACIONAL,MAIPU
INGENIERIA EN INFORMATICA,MACUL
INGENIERIA EN ADMINISTRACION DE EMPRESAS MENCION MARKETING,IQUIQUE
PSICOPEDAGOGIA,ANTOFAGASTA
"INGENIERIA EN MAQUINARIA, VEHICULOS AUTOMOTRICES Y SISTEMAS ELECTRONICOS",PUERTO MONTT
INGENIERIA EN INFORMATICA,IQUIQUE
INGENIERIA EN QUIMICA INDUSTRIAL,MACUL
MECANICA AUTOMOTRIZ EN SISTEMAS ELECTRONICOS,RANCAGUA
TECNICO EN METALURGIA EXTRACTIVA,CALAMA
FABRICACION Y MONTAJE INDUSTRIAL,RENCA
"INGENIERIA EN PREVENCION DE RIESGOS, CALIDAD Y AMBIENTE",TALCAHUANO
"INGENIERIA EN MAQUINARIA, VEHICULOS AUTOMOTRICES Y SISTEMAS ELECTRONICOS",TALCA
GASTRONOMIA INTERNACIONAL,RANCAGUA
INGENIERIA ELECTRONICA,TALCAHUANO
"INGENIERIA EN PREVENCION DE RIESGOS, CALIDAD Y AMBIENTE",RENCA
GASTRONOMIA INTERNACIONAL,CHILLAN
GASTRONOMIA INTERNACIONAL,TALCAHUANO
INGENIERIA EN ADMINISTRACION DE EMPRESAS MENCION GESTION DE PERSONAS,SANTIAGO
ADMINISTRACION DE EMPRESAS MENCION MARKETING,SANTIAGO
PREVENCION DE RIESGOS,RENCA
PREVENCION DE RIESGOS,CHILLAN
CONTADOR AUDITOR,VALDIVIA
INGENIERIA EN INFORMATICA,CHILLAN
ADMINISTRACION DE EMPRESAS,TEMUCO
PREVENCION DE RIESGOS,LA SERENA
INGENIERIA COMERCIAL,TALCAHUANO
PSICOPEDAGOGIA,VALPARAISO
MECANICA AUTOMOTRIZ EN SISTEMAS ELECTRONICOS,TALCA
"INGENIERIA EN MAQUINARIA, VEHICULOS AUTOMOTRICES Y SISTEMAS ELECTRONICOS",VALPARAISO
ADMINISTRACION DE EMPRESAS MENCION FINANZAS,SANTIAGO
INGENIERIA CIVIL INFORMATICA,PUNTA ARENAS
CONTADOR AUDITOR,TALCA
INGENIERIA EN ADMINISTRACION DE EMPRESAS MENCION FINANZAS,TALCA
NUTRICION Y DIETETICA,TALCAHUANO
ENFERMERIA,RANCAGUA
INGENIERIA EN ADMINISTRACION DE EMPRESAS MENCION MARKETING,LA SERENA
INGENIERIA EN AUTOMATIZACION Y CONTROL INDUSTRIAL,ANTOFAGASTA
GESTION Y CONTROL DE CALIDAD,MAIPU
MANTENIMIENTO INDUSTRIAL,IQUIQUE
"INGENIERIA EN MAQUINARIA, VEHICULOS AUTOMOTRICES Y SISTEMAS ELECTRONICOS",VALDIVIA
ADMINISTRACION GASTRONOMICA INTERNACIONAL,LAS CONDES
INGENIERIA EN ADMINISTRACION DE EMPRESAS MENCION FINANZAS,ARICA
INGENIERIA EN MINAS,IQUIQUE
ADMINISTRACION DE EMPRESAS,OSORNO
PREVENCION DE RIESGOS,MAIPU
PSICOPEDAGOGIA,TALCA
ADMINISTRACION GASTRONOMICA INTERNACIONAL,VALPARAISO
ELECTRICIDAD INDUSTRIAL MENCION INSTALACIONES ELECTRICAS,TALCAHUANO
MANTENIMIENTO INDUSTRIAL,TALCAHUANO
TECNICO EN ENFERMERIA,VALPARAISO
INGENIERIA AGRICOLA MENCION GANADERIA,VALDIVIA
GASTRONOMIA INTERNACIONAL,MAIPU
ADMINISTRACION DE EMPRESAS,MAIPU
"INGENIERIA EN PREVENCION DE RIESGOS, CALIDAD Y AMBIENTE",LA SERENA
TECNICO EN ENFERMERIA,CHILLAN
PREVENCION DE RIESGOS,VALPARAISO
TECNICO EN ENFERMERIA,ANTOFAGASTA
"INGENIERIA EN PREVENCION DE RIESGOS, CALIDAD Y AMBIENTE",TALCAHUANO
"INGENIERIA EN MAQUINARIA, VEHICULOS AUTOMOTRICES Y SISTEMAS ELECTRONICOS",RENCA
ADMINISTRACION DE EMPRESAS MENCION MARKETING,LA SERENA
"INGENIERIA EN MAQUINARIA, VEHICULOS AUTOMOTRICES Y SISTEMAS ELECTRONICOS",TALCAHUANO
TRABAJO SOCIAL,LA SERENA
MECANICA AUTOMOTRIZ EN MAQUINARIA PESADA,ANTOFAGASTA
"INGENIERIA EN PREVENCION DE RIESGOS, CALIDAD Y AMBIENTE",PUNTA ARENAS
TECNICO EN ENFERMERIA,COPIAPO
INGENIERIA EN INFORMATICA,RENCA
INGENIERIA MECANICA EN MANTENIMIENTO INDUSTRIAL,MACUL
INGENIERIA EN ADMINISTRACION DE EMPRESAS MENCION FINANZAS,COPIAPO
INGENIERIA EN MAQUINARIA PESADA Y VEHICULOS AUTOMOTRICES,RENCA
TOPOGRAFIA,IQUIQUE
ELECTRICIDAD INDUSTRIAL MENCION ELECTROMECANICA,RANCAGUA
ELECTRICIDAD INDUSTRIAL MENCION INSTALACIONES ELECTRICAS,VALPARAISO
TRABAJO SOCIAL,CHILLAN
PREVENCION DE RIESGOS,CALAMA
TURISMO,PUNTA ARENAS
INGENIERIA EN INFORMATICA,VALPARAISO
INGENIERIA COMERCIAL,CURICO
ADMINISTRACION GASTRONOMICA INTERNACIONAL,LAS CONDES
INGENIERIA EN INFORMATICA,CURICO
"INGENIERIA EN MAQUINARIA, VEHICULOS AUTOMOTRICES Y SISTEMAS ELECTRONICOS",CURICO
PSICOPEDAGOGIA,CHILLAN
"INGENIERIA EN PREVENCION DE RIESGOS, CALIDAD Y AMBIENTE",LA SERENA
INGENIERIA EN MAQUINARIA PESADA Y VEHICULOS AUTOMOTRICES,ANTOFAGASTA
ADMINISTRACION DE EMPRESAS MENCION GESTION DE PERSONAS,SANTIAGO
ANALISTA PROGRAMADOR,RANCAGUA
"TELECOMUNICACIONES, CONECTIVIDAD Y REDES",MACUL
GASTRONOMIA INTERNACIONAL,OSORNO
CONTABILIDAD GENERAL,PUENTE ALTO
PREPARADOR FISICO,LA SERENA
PREVENCION DE RIESGOS,COYHAIQUE
MECANICA AUTOMOTRIZ EN SISTEMAS ELECTRONICOS,MAIPU
"INGENIERIA EN TELECOMUNICACIONES, CONECTIVIDAD Y REDES",ANTOFAGASTA
INGENIERIA EN ADMINISTRACION DE EMPRESAS MENCION FINANZAS,LAS CONDES
INGENIERIA EN ADMINISTRACION DE EMPRESAS MENCION MARKETING Y VENTAS,SANTIAGO
"INGENIERIA EN PREVENCION DE RIESGOS, CALIDAD Y AMBIENTE",COYHAIQUE
INGENIERIA COMERCIAL,TALCAHUANO
"INGENIERIA EN PREVENCION DE RIESGOS, CALIDAD Y AMBIENTE",MACUL
INGENIERIA EN MINAS,COPIAPO
INGENIERIA EN ADMINISTRACION DE EMPRESAS MENCION FINANZAS,MAIPU
"INGENIERIA EN TELECOMUNICACIONES, CONECTIVIDAD Y REDES",TALCAHUANO
ANALISTA PROGRAMADOR,MACUL
INGENIERIA EN CONSTRUCCION,TALCAHUANO
ADMINISTRACION DE EMPRESAS,PUENTE ALTO
INGENIERIA EN CONSTRUCCION,RENCA
ELECTRONICA INDUSTRIAL,VALPARAISO
INGENIERIA EN CONSTRUCCION,TALCAHUANO
INGENIERIA EN INFORMATICA,MACUL
GASTRONOMIA INTERNACIONAL,CALAMA
"INGENIERIA EN PREVENCION DE RIESGOS, CALIDAD Y AMBIENTE",CHILLAN
CONTABILIDAD GENERAL,OSORNO
INGENIERIA COMERCIAL,TALCAHUANO
MECANICA AUTOMOTRIZ EN SISTEMAS ELECTRONICOS,PUERTO MONTT
INGENIERIA EN ADMINISTRACION DE EMPRESAS MENCION FINANZAS,ANTOFAGASTA
INGENIERIA EN ADMINISTRACION DE EMPRESAS MENCION FINANZAS,IQUIQUE
PREPARADOR FISICO,VALPARAISO
INGENIERIA EN AUTOMATIZACION Y CONTROL INDUSTRIAL,CALAMA
ANALISTA PROGRAMADOR,ANTOFAGASTA
TECNOLOGIA AGRICOLA,CHILLAN
"INGENIERIA EN MAQUINARIA, VEHICULOS AUTOMOTRICES Y SISTEMAS ELECTRONICOS",ANTOFAGASTA
MECANICA AUTOMOTRIZ EN SISTEMAS ELECTRONICOS,LOS ANGELES
MECANICA AUTOMOTRIZ EN SISTEMAS ELECTRONICOS,MAIPU
DISEÑO GRAFICO PROFESIONAL,PUENTE ALTO
"INGENIERIA EN MAQUINARIA, VEHICULOS AUTOMOTRICES Y SISTEMAS ELECTRONICOS",VALDIVIA
"INGENIERIA EN MAQUINARIA, VEHICULOS AUTOMOTRICES Y SISTEMAS ELECTRONICOS",LOS ANGELES
INGENIERIA MECANICA EN MANTENIMIENTO INDUSTRIAL,RANCAGUA
GASTRONOMIA INTERNACIONAL,IQUIQUE
ELECTRICIDAD INDUSTRIAL MENCION PROYECTOS ELECTRICOS,MACUL
"INGENIERIA EN PREVENCION DE RIESGOS, CALIDAD Y AMBIENTE",RENCA
EDIFICACION,PUENTE ALTO
ADMINISTRACION DE EMPRESAS,VALPARAISO
TOPOGRAFIA,TEMUCO
GASTRONOMIA INTERNACIONAL,CALAMA
INGENIERIA EN INFORMATICA,LA SERENA
PREVENCION DE RIESGOS,MAIPU
TRABAJO SOCIAL,MAIPU
ADMINISTRACION GASTRONOMICA INTERNACIONAL,LAS CONDES
EDIFICACION,LOS ANGELES
CONSTRUCCION CIVIL,OSORNO
GASTRONOMIA INTERNACIONAL,ARICA
ADMINISTRACION DE HOTELES Y RESTAURANTES,TEMUCO
INGENIERIA EN INFORMATICA,VALDIVIA
ADMINISTRACION DE EMPRESAS,LAS CONDES
CONSTRUCCION CIVIL,TALCAHUANO
"INGENIERIA EN PREVENCION DE RIESGOS, CALIDAD Y AMBIENTE",CALAMA
"INGENIERIA EN MAQUINARIA, VEHICULOS AUTOMOTRICES Y SISTEMAS ELECTRONICOS",LA SERENA
KINESIOLOGIA,LA SERENA
GASTRONOMIA INTERNACIONAL,MAIPU
MECANICA AUTOMOTRIZ EN MAQUINARIA PESADA,RENCA
INGENIERIA CIVIL INFORMATICA,RANCAGUA
MECANICA AUTOMOTRIZ EN MAQUINARIA PESADA,ANTOFAGASTA
ADMINISTRACION GASTRONOMICA INTERNACIONAL,LAS CONDES
PREVENCION DE RIESGOS,OSORNO
GASTRONOMIA INTERNACIONAL,VALPARAISO
ELECTRONICA INDUSTRIAL,VALPARAISO
NUTRICION Y DIETETICA,LAS CONDES
CONSTRUCCION CIVIL,TALCA
ADMINISTRACION DE EMPRESAS MENCION MARKETING,SANTIAGO
INGENIERIA EN ADMINISTRACION DE EMPRESAS MENCION FINANZAS,OSORNO
INGENIERIA EN AUTOMATIZACION Y CONTROL INDUSTRIAL,ANTOFAGASTA
INGENIERIA EN ADMINISTRACION DE EMPRESAS MENCION FINANZAS,MACUL
"INGENIERIA EN PREVENCION DE RIESGOS, CALIDAD Y AMBIENTE",MAIPU
INGENIERIA EN ADMINISTRACION DE EMPRESAS MENCION FINANZAS,SANTIAGO
MECANICA AUTOMOTRIZ EN SISTEMAS ELECTRONICOS,PUENTE ALTO
TECNOLOGIA EN MINERIA,COPIAPO
INGENIERIA EN INFORMATICA,MAIPU
ADMINISTRACION DE EMPRESAS,SANTIAGO
"INGENIERIA EN MAQUINARIA, VEHICULOS AUTOMOTRICES Y SISTEMAS ELECTRONICOS",MAIPU
DISEÑO DE VESTUARIO,ÑUÑOA
"INGENIERIA EN MAQUINARIA, VEHICULOS AUTOMOTRICES Y SISTEMAS ELECTRONICOS",COPIAPO
ELECTRICIDAD INDUSTRIAL MENCION INSTALACIONES ELECTRICAS,CHILLAN
TECNOLOGIA PECUARIA,TEMUCO
INGENIERIA EN MINAS,ANTOFAGASTA
MANTENIMIENTO INDUSTRIAL,VALPARAISO
MECANICA AUTOMOTRIZ EN SISTEMAS ELECTRONICOS,IQUIQUE
INGENIERIA EN MINAS,MAIPU
DISEÑO EDITORIAL,ÑUÑOA
"INGENIERIA EN PREVENCION DE RIESGOS, CALIDAD Y AMBIENTE",MAIPU
ADMINISTRACION DE EMPRESAS,LA SERENA
TECNOLOGIA PECUARIA,OSORNO
INGENIERIA COMERCIAL,RANCAGUA
INGENIERIA EN AUTOMATIZACION Y CONTROL INDUSTRIAL,CALAMA
GASTRONOMIA INTERNACIONAL,MAIPU
INGENIERIA EN ADMINISTRACION DE EMPRESAS MENCION FINANZAS,MACUL
ELECTRICIDAD INDUSTRIAL MENCION INSTALACIONES ELECTRICAS,PUERTO MONTT
ELECTRONICA INDUSTRIAL,IQUIQUE
"INGENIERIA EN PREVENCION DE RIESGOS, CALIDAD Y AMBIENTE",IQUIQUE
ADMINISTRACION DE EMPRESAS MENCION FINANZAS,TALCA
"INGENIERIA EN MAQUINARIA, VEHICULOS AUTOMOTRICES Y SISTEMAS ELECTRONICOS",CHILLAN
ADMINISTRACION DE EMPRESAS,MAIPU
DISEÑO GRAFICO PROFESIONAL,PUNTA ARENAS
TECNOLOGIA EN ANALISIS QUIMICO,MACUL
PSICOPEDAGOGIA,LA SERENA
INGENIERIA CIVIL INFORMATICA,LAS CONDES
TECNICO EN FARMACIA,PUENTE ALTO
AUTOMATIZACION Y CONTROL INDUSTRIAL,VALPARAISO
TECNOLOGIA AGRICOLA,MACUL
PREVENCION DE RIESGOS,ÑUÑOA
AUTOMATIZACION Y CONTROL INDUSTRIAL,RANCAGUA
"INGENIERIA EN PREVENCION DE RIESGOS, CALIDAD Y AMBIENTE",TALCAHUANO
CONSTRUCCION CIVIL,TEMUCO
INGENIERIA EN MINAS,RENCA
"INGENIERIA EN PREVENCION DE RIESGOS, CALIDAD Y AMBIENTE",CALAMA
INGENIERIA AGRICOLA,RANCAGUA
DISEÑO GRAFICO PROFESIONAL,MAIPU
MECANICA AUTOMOTRIZ EN SISTEMAS ELECTRONICOS,MACUL
MECANICA AUTOMOTRIZ EN SISTEMAS ELECTRONICOS,MAIPU
PREVENCION DE RIESGOS,TALCA
PSICOPEDAGOGIA,COYHAIQUE
CONSTRUCCION CIVIL,TALCA
INGENIERIA EN ADMINISTRACION DE EMPRESAS MENCION FINANZAS,LA SERENA
INGENIERIA EN AUTOMATIZACION Y CONTROL INDUSTRIAL,CALAMA
INGENIERIA EN ADMINISTRACION DE EMPRESAS MENCION FINANZAS,COPIAPO
INGENIERIA EN AUTOMATIZACION Y CONTROL INDUSTRIAL,VALDIVIA
CONSTRUCCION CIVIL,CHILLAN
INGENIERIA AGRICOLA,CURICO
GASTRONOMIA INTERNACIONAL,VALDIVIA
ADMINISTRACION GASTRONOMICA INTERNACIONAL,LAS CONDES
INGENIERIA EN MINAS,ANTOFAGASTA
AUTOMATIZACION Y CONTROL INDUSTRIAL,ARICA
INGENIERIA EN INFORMATICA,IQUIQUE
"INGENIERIA EN PREVENCION DE RIESGOS, CALIDAD Y AMBIENTE",CURICO
CONTADOR AUDITOR,TALCAHUANO
DIBUJO DE PROYECTOS DE ARQUITECTURA E INGENIERIA,MAIPU
AUTOMATIZACION Y CONTROL INDUSTRIAL,LOS ANGELES
EDIFICACION,CHILLAN
TRABAJO SOCIAL,VALPARAISO
"INGENIERIA EN PREVENCION DE RIESGOS, CALIDAD Y AMBIENTE",TALCAHUANO
ADMINISTRACION GASTRONOMICA INTERNACIONAL,LAS CONDES
"INGENIERIA EN PREVENCION DE RIESGOS, CALIDAD Y AMBIENTE",IQUIQUE
INGENIERIA EN INFORMATICA,TEMUCO
MECANICA AUTOMOTRIZ EN SISTEMAS ELECTRONICOS,TALCA
AUTOMATIZACION Y CONTROL INDUSTRIAL,VALPARAISO
ELECTRONICA INDUSTRIAL,RENCA
"INGENIERIA EN PREVENCION DE RIESGOS, CALIDAD Y AMBIENTE",RENCA
TECNICO EN ENFERMERIA,CHILLAN
INGENIERIA COMERCIAL,LAS CONDES
ANALISTA PROGRAMADOR,CURICO
"INGENIERIA EN PREVENCION DE RIESGOS, CALIDAD Y AMBIENTE",PUERTO MONTT
"INGENIERIA EN PREVENCION DE RIESGOS, CALIDAD Y AMBIENTE",ANTOFAGASTA
ADMINISTRACION DE EMPRESAS,IQUIQUE
MECANICA AUTOMOTRIZ EN MAQUINARIA PESADA,RENCA
TURISMO MENCION VIAJES Y TURISMO,LA SERENA
PREVENCION DE RIESGOS,ARICA
TRADUCCION INGLES-ESPAÑOL MENCION NEGOCIOS INTERNACIONALES,MAIPU
GASTRONOMIA INTERNACIONAL,PUNTA ARENAS
INGENIERIA EN MINAS,COPIAPO
ELECTRICIDAD INDUSTRIAL MENCION ELECTROMECANICA,MAIPU
MANTENIMIENTO INDUSTRIAL,VALPARAISO
INGENIERIA COMERCIAL,LAS CONDES
INGENIERIA MECANICA EN MANTENIMIENTO INDUSTRIAL,RANCAGUA
PREVENCION DE RIESGOS,MACUL
GASTRONOMIA INTERNACIONAL,PUENTE ALTO
TRADUCCION INGLES-ESPAÑOL MENCION NEGOCIOS INTERNACIONALES,LAS CONDES
ADMINISTRACION DE EMPRESAS,PUNTA ARENAS
DIBUJO DE PROYECTOS DE ARQUITECTURA E INGENIERIA,MAIPU
TECNOLOGIA AGRICOLA,TEMUCO
LOGISTICA Y OPERACIONES INDUSTRIALES,MACUL
INGENIERIA EN AUTOMATIZACION Y CONTROL INDUSTRIAL,ANTOFAGASTA
ADMINISTRACION DE EMPRESAS,RANCAGUA
ELECTRONICA INDUSTRIAL,IQUIQUE
INGENIERIA EN INFORMATICA,VALDIVIA
TECNOLOGIA EN ANALISIS QUIMICO,RENCA
"INGENIERIA EN TELECOMUNICACIONES, CONECTIVIDAD Y REDES",MACUL
"INGENIERIA EN MAQUINARIA, VEHICULOS AUTOMOTRICES Y SISTEMAS ELECTRONICOS",COPIAPO
ANALISTA PROGRAMADOR,PUNTA ARENAS
"INGENIERIA EN MAQUINARIA, VEHICULOS AUTOMOTRICES Y SISTEMAS ELECTRONICOS",MAIPU
INGENIERIA MECANICA EN MANTENIMIENTO INDUSTRIAL,TALCAHUANO
"INGENIERIA EN MAQUINARIA, VEHICULOS AUTOMOTRICES Y SISTEMAS ELECTRONICOS",TEMUCO
"INGENIERIA EN PREVENCION DE RIESGOS, CALIDAD Y AMBIENTE",COPIAPO
INGENIERIA EN INFORMATICA,PUENTE ALTO
MECANICA AUTOMOTRIZ EN SISTEMAS ELECTRONICOS,OSORNO
INGENIERIA EN AUTOMATIZACION Y CONTROL INDUSTRIAL,ANTOFAGASTA
MANTENIMIENTO INDUSTRIAL,ANTOFAGASTA
MANTENIMIENTO INDUSTRIAL,MAIPU
INGENIERIA INDUSTRIAL,TEMUCO
"INGENIERIA EN PREVENCION DE RIESGOS, CALIDAD Y AMBIENTE",CHILLAN
PSICOPEDAGOGIA,TALCA
INGENIERIA EN INFORMATICA,SANTIAGO
CLIMATIZACION,MACUL
TECNOLOGIA AGRICOLA,RANCAGUA
GASTRONOMIA INTERNACIONAL,TALCAHUANO
TECNOLOGIA INDUSTRIAL DE LOS ALIMENTOS,MACUL
INGENIERIA EN ADMINISTRACION DE EMPRESAS MENCION FINANZAS,SANTIAGO
MECANICA AUTOMOTRIZ EN SISTEMAS ELECTRONICOS,TEMUCO
INGENIERIA MECANICA EN MANTENIMIENTO INDUSTRIAL,TALCAHUANO
ADMINISTRACION DE EMPRESAS MENCION GESTION DE PERSONAS,ANTOFAGASTA
INGENIERIA EN ADMINISTRACION DE EMPRESAS MENCION MARKETING Y VENTAS,VALPARAISO
MANTENIMIENTO INDUSTRIAL,VALPARAISO
"INGENIERIA EN PREVENCION DE RIESGOS, CALIDAD Y AMBIENTE",RANCAGUA
"INGENIERIA EN PREVENCION DE RIESGOS, CALIDAD Y AMBIENTE",IQUIQUE
GASTRONOMIA INTERNACIONAL,VALPARAISO
"INGENIERIA EN PREVENCION DE RIESGOS, CALIDAD Y AMBIENTE",MACUL
TECNICO EN MINERIA,RENCA
INGENIERIA EN ADMINISTRACION DE EMPRESAS MENCION MARKETING,VALPARAISO
INGENIERIA EN ADMINISTRACION DE EMPRESAS MENCION FINANZAS,VALDIVIA
AUTOMATIZACION Y CONTROL INDUSTRIAL,VALPARAISO
INGENIERIA EN ADMINISTRACION DE EMPRESAS MENCION FINANZAS,RANCAGUA
"LABORATORISTA CLINICO, BANCO DE SANGRE E IMAGENOLOGIA",SANTIAGO
"INGENIERIA EN PREVENCION DE RIESGOS, CALIDAD Y AMBIENTE",RANCAGUA
INGENIERIA EN ADMINISTRACION DE EMPRESAS MENCION GESTION DE PERSONAS,RANCAGUA
DISEÑO GRAFICO PROFESIONAL,PUENTE ALTO
TURISMO MENCION VIAJES Y TURISMO,PUNTA ARENAS
ADMINISTRACION GASTRONOMICA INTERNACIONAL,LAS CONDES
INGENIERIA EN ELECTRICIDAD MENCION POTENCIA,MACUL
TECNICO EN ENFERMERIA,VALPARAISO
ADMINISTRACION DE EMPRESAS,CURICO
ADMINISTRACION GASTRONOMICA INTERNACIONAL,LAS CONDES
"INGENIERIA EN MAQUINARIA, VEHICULOS AUTOMOTRICES Y SISTEMAS ELECTRONICOS",ARICA
ADMINISTRACION GASTRONOMICA INTERNACIONAL,TALCAHUANO
"INGENIERIA EN PREVENCION DE RIESGOS, CALIDAD Y AMBIENTE",TALCAHUANO
INGENIERIA EN ADMINISTRACION DE EMPRESAS MENCION FINANZAS,MACUL
INGENIERIA EN INFORMATICA,PUENTE ALTO
CONSTRUCCION CIVIL,RENCA
GASTRONOMIA INTERNACIONAL,CURICO
MECANICA AUTOMOTRIZ EN SISTEMAS ELECTRONICOS,IQUIQUE
MECANICA AUTOMOTRIZ EN MAQUINARIA PESADA,ANTOFAGASTA
PREVENCION DE RIESGOS,TALCAHUANO
INGENIERIA EN MINAS,CALAMA
ADMINISTRACION DE EMPRESAS MENCION GESTION DE PERSONAS,LA SERENA
TECNOLOGIA EN MINERIA,IQUIQUE
"INGENIERIA EN PREVENCION DE RIESGOS, CALIDAD Y AMBIENTE",ANTOFAGASTA
PSICOPEDAGOGIA,PUNTA ARENAS
PSICOPEDAGOGIA,LOS ANGELES
MECANICA AUTOMOTRIZ EN SISTEMAS ELECTRONICOS,CURICO
GASTRONOMIA INTERNACIONAL,MAIPU
INGENIERIA EN INFORMATICA,MACUL
INGENIERIA CIVIL EN ELECTRICIDAD MENCION SISTEMAS DE DISTRIBUCION,RENCA
"INGENIERIA EN MAQUINARIA, VEHICULOS AUTOMOTRICES Y SISTEMAS ELECTRONICOS",TEMUCO
PREVENCION DE RIESGOS,VALPARAISO
INGENIERIA EN AUTOMATIZACION Y CONTROL INDUSTRIAL,MACUL
ELECTRICIDAD INDUSTRIAL MENCION INSTALACIONES ELECTRICAS,TALCAHUANO
"INGENIERIA EN MAQUINARIA, VEHICULOS AUTOMOTRICES Y SISTEMAS ELECTRONICOS",TEMUCO
ADMINISTRACION DE HOTELES Y RESTAURANTES,OSORNO
PREVENCION DE RIESGOS,TEMUCO
ADMINISTRACION DE EMPRESAS,LA SERENA
INGENIERIA EN CONSTRUCCION,LOS ANGELES
AUTOMATIZACION Y CONTROL INDUSTRIAL,VALPARAISO
PREVENCION DE RIESGOS,RANCAGUA
ADMINISTRACION DE EMPRESAS MENCION FINANZAS,MACUL
ADMINISTRACION GASTRONOMICA INTERNACIONAL,TALCAHUANO
AUTOMATIZACION Y CONTROL INDUSTRIAL,TEMUCO
PREVENCION DE RIESGOS,VALPARAISO
PREVENCION DE RIESGOS,CALAMA
TECNICO EN ENFERMERIA,TEMUCO
INGENIERIA EN INFORMATICA,LOS ANGELES
EDIFICACION,RENCA
TECNICO EN ODONTOLOGIA,SANTIAGO
INGENIERIA EN REFRIGERACION,MACUL
INGENIERIA MECANICA EN MANTENIMIENTO INDUSTRIAL,MAIPU
"INGENIERIA EN TELECOMUNICACIONES, CONECTIVIDAD Y REDES",SANTIAGO
"INGENIERIA EN PREVENCION DE RIESGOS, CALIDAD Y AMBIENTE",TALCAHUANO
ADMINISTRACION DE EMPRESAS MENCION GESTION DE PERSONAS,RANCAGUA
"INGENIERIA EN PREVENCION DE RIESGOS, CALIDAD Y AMBIENTE",MACUL
ADMINISTRACION DE EMPRESAS MENCION FINANZAS,LAS CONDES
"INGENIERIA EN MAQUINARIA, VEHICULOS AUTOMOTRICES Y SISTEMAS ELECTRONICOS",CURICO
MECANICA AUTOMOTRIZ EN SISTEMAS ELECTRONICOS,CURICO
"INGENIERIA EN PREVENCION DE RIESGOS, CALIDAD Y AMBIENTE",ARICA
INGENIERIA EN INFORMATICA,MAIPU
INGENIERIA EN ADMINISTRACION INDUSTRIAL MENCION PROCESOS PRODUCTIVOS,MACUL
TECNOLOGIA EN PRODUCCION GANADERA,VALDIVIA
MANTENIMIENTO INDUSTRIAL,PUERTO MONTT
"INGENIERIA EN PREVENCION DE RIESGOS, CALIDAD Y AMBIENTE",RENCA
PSICOPEDAGOGIA,IQUIQUE
INGENIERIA EN CONSTRUCCION,IQUIQUE
ELECTRICIDAD INDUSTRIAL MENCION ELECTROMECANICA,MAIPU
INGENIERIA EN CONSTRUCCION,TALCAHUANO
"INGENIERIA EN MAQUINARIA, VEHICULOS AUTOMOTRICES Y SISTEMAS ELECTRONICOS",RANCAGUA
ELECTRICIDAD INDUSTRIAL MENCION INSTALACIONES ELECTRICAS,VALPARAISO
"INGENIERIA EN PREVENCION DE RIESGOS, CALIDAD Y AMBIENTE",LOS ANGELES
INGENIERIA EN ADMINISTRACION DE EMPRESAS MENCION FINANZAS,IQUIQUE
INGENIERIA EN ADMINISTRACION DE EMPRESAS MENCION GESTION DE PERSONAS,LA SERENA
MECANICA AUTOMOTRIZ EN MAQUINARIA PESADA,ANTOFAGASTA
ADMINISTRACION GASTRONOMICA INTERNACIONAL,TEMUCO
LOGISTICA Y OPERACIONES INDUSTRIALES,MACUL
PSICOPEDAGOGIA,PUNTA ARENAS
"INGENIERIA EN PREVENCION DE RIESGOS, CALIDAD Y AMBIENTE",LA SERENA
"INGENIERIA EN PREVENCION DE RIESGOS, CALIDAD Y AMBIENTE",PUENTE ALTO
AUTOMATIZACION Y CONTROL INDUSTRIAL,LOS ANGELES
"INGENIERIA EN TELECOMUNICACIONES, CONECTIVIDAD Y REDES",MACUL
ADMINISTRACION DE EMPRESAS,LA SERENA
BIOTECNOLOGIA INDUSTRIAL,MACUL
ELECTRICIDAD INDUSTRIAL MENCION INSTALACIONES ELECTRICAS,MACUL
"INGENIERIA EN MAQUINARIA, VEHICULOS AUTOMOTRICES Y SISTEMAS ELECTRONICOS",LOS ANGELES
ANALISTA PROGRAMADOR,SANTIAGO
"INGENIERIA EN PREVENCION DE RIESGOS, CALIDAD Y AMBIENTE",ANTOFAGASTA
ELECTRICIDAD INDUSTRIAL MENCION PROYECTOS ELECTRICOS,RENCA
EDIFICACION,CHILLAN
GASTRONOMIA INTERNACIONAL,LOS ANGELES
MECANICA AUTOMOTRIZ EN MAQUINARIA PESADA,LA SERENA
TURISMO,PUENTE ALTO
PREVENCION DE RIESGOS,CHILLAN
INGENIERIA EN CONSTRUCCION,LA SERENA
PREVENCION DE RIESGOS,VALPARAISO
EDIFICACION,LOS ANGELES
TOPOGRAFIA,CHILLAN
PREVENCION DE RIESGOS,MAIPU
NUTRICION Y DIETETICA,TALCAHUANO
ADMINISTRACION DE EMPRESAS MENCION FINANZAS,VALDIVIA
MECANICA AUTOMOTRIZ EN SISTEMAS ELECTRONICOS,TALCA
TECNICO EN ENFERMERIA,TALCA
INGENIERIA EN ADMINISTRACION DE EMPRESAS MENCION FINANZAS,TALCAHUANO
ANALISTA PROGRAMADOR,SANTIAGO
